[{"model": "home.commonpage", "pk": 3, "fields": {"body": "[{\"type\": \"demo\", \"value\": {\"iframe\": \"https://www.youtube.com/embed/7Qu8XckwKIY\", \"photo\": null, \"topic\": \"\\u78a7\\u6f6d\\u5830\\u9b5a\\u9053\\u5167\\u5373\\u6642\\u5f71\\u50cf(1)\", \"description\": \"<p data-block-key=\\\"a91cr\\\">\\u65b0\\u5e97\\u6eaa\\u4ee5\\u300c\\u6c34\\u5b89\\u5168\\u3001\\u6c34\\u6e05\\u6de8\\u3001\\u6c34\\u80b2\\u6a02\\u3001\\u6c34\\u751f\\u614b\\u3001\\u6c34\\u6587\\u5316\\u300d\\u6cb3\\u5eca\\u71df\\u9020\\u6210\\u679c\\uff0c\\u5df2\\u5c07\\u65b0\\u5e97\\u6eaa\\u6253\\u9020\\u6210\\u6c34\\u6f3e\\u535a\\u7269\\u9928\\u3002\\u78a7\\u6f6d\\u5830\\u6539\\u5584\\u66a8\\u5468\\u908a\\u74b0\\u5883\\u71df\\u9020\\u5de5\\u7a0b\\u7d50\\u5408\\u6c34\\u751f\\u614b\\u74b0\\u5883\\u6559\\u80b2\\u5efa\\u7f6e\\uff0c\\u65bc\\u9b5a\\u9053\\u4e2d\\u8a2d\\u7f6e\\u89c0\\u5bdf\\u7a97\\u53ca\\u76e3\\u6e2c\\u651d\\u5f71\\u7cfb\\u7d71\\uff0c\\u53ef24\\u5c0f\\u6642\\u5373\\u6642\\u89c0\\u5bdf\\u6c34\\u4e2d\\u751f\\u7269\\u3002</p>\"}, \"id\": \"35ac3521-2608-4e30-8594-153ca076e809\"}, {\"type\": \"demo\", \"value\": {\"iframe\": \"https://www.youtube.com/embed/f4mhIXp7rS0\", \"photo\": null, \"topic\": \"\\u78a7\\u6f6d\\u5830\\u9b5a\\u9053\\u5167\\u5373\\u6642\\u5f71\\u50cf(2)\", \"description\": \"<p data-block-key=\\\"a91cr\\\">\\u7b2c\\u4e8c\\u93e1\\u982d</p>\"}, \"id\": \"eb386805-098b-4a43-bc86-70fed0953d17\"}]"}}, {"model": "home.commonpage", "pk": 4, "fields": {"body": "[{\"type\": \"gallery\", \"value\": [{\"type\": \"item\", \"value\": 10, \"id\": \"9004346d-bddd-4796-befc-3acb33881d87\"}, {\"type\": \"item\", \"value\": 6, \"id\": \"ee3842c1-8c7f-4e62-a2c2-d8ca4159ac8e\"}, {\"type\": \"item\", \"value\": 2, \"id\": \"41d3d2f6-13ef-412d-b326-b18031e49f22\"}], \"id\": \"1b77d50a-965a-450f-9ff8-246714b9749d\"}, {\"type\": \"heading\", \"value\": \"\\u78a7\\u6f6d\\u5830\", \"id\": \"f930ecca-b6e5-4a4f-96f5-736c96aa79e8\"}, {\"type\": \"paragraph\", \"value\": \"<p data-block-key=\\\"gfi7w\\\">\\u78a7\\u6f6d\\u4f4d\\u65bc\\u7345\\u982d\\u5c71\\u5c71\\u8173\\u4e0b\\uff0c\\u53c8\\u7a31\\u4f5c\\u300c\\u7345\\u5c71\\u908a\\u5927\\u6f6d\\u300d\\u30021767\\u5e74\\u70ba\\u7460\\u516c\\u5733\\u53d6\\u6c34\\u6240\\u8a2d\\u7684\\u78a7\\u6f6d\\u5830\\uff0c\\u662f\\u65b0\\u5e97\\u6eaa\\u6700\\u65e9\\u7684\\u5927\\u578b\\u6514\\u6c34\\u8a2d\\u65bd\\uff0c\\u4f9b\\u7460\\u516c\\u5733\\u53d6\\u6c34\\u4e4b\\u4fbf\\uff0c\\u7121\\u610f\\u9593\\u6210\\u5c31\\u4e86\\u78a7\\u6f6d\\u7f8e\\u666f\\u3002\\u9664\\u4e86\\u7460\\u516c\\u5733\\uff0c\\u9084\\u6709\\u5927\\u576a\\u6797\\u5733\\u8207\\u5f15\\u6c34\\u77f3\\u787f\\uff08\\u8154\\uff09\\u7b49\\u6c34\\u5229\\u8a2d\\u65bd\\u7684\\u8208\\u7bc9\\u3002\\u96a8\\u904e\\u53bb\\u65b0\\u5e97\\u805a\\u843d\\u7684\\u767c\\u5c55\\uff0c\\u56e0\\u61c9\\u4ea4\\u901a\\u9700\\u6c42\\u800c\\u51fa\\u73fe\\u7684\\u65b0\\u5e97\\u6e21\\u3001\\u78a7\\u6f6d\\u540a\\u6a4b\\u70ba\\u73fe\\u4eca\\u78a7\\u6f6d\\u7684\\u7279\\u8272\\u4e4b\\u4e00\\u3002\\u78a7\\u6f6d\\u897f\\u5cb8\\u4f9d\\u508d\\u7684\\u548c\\u7f8e\\u5c71\\uff0c\\u9664\\u4e86\\u6709\\u5929\\u7136\\u7279\\u8272\\u666f\\u9ede\\u300c\\u5c0f\\u8d64\\u58c1\\u300d\\uff0c\\u9084\\u6709\\u548c\\u7f8e\\u7926\\u5834\\u907a\\u8de1\\u4f9b\\u4eba\\u61f7\\u53e4\\u8ffd\\u601d\\u3002</p><p data-block-key=\\\"70m0c\\\">\\u78a7\\u6f6d\\u5830\\u8208\\u7bc9\\u662f\\u7531\\u7460\\u516c\\u90ed\\u932b\\u7460\\u4e4b\\u5b50\\u90ed\\u5143\\u82ac\\uff0c\\u65bc\\u73fe\\u4eca\\u5317\\u4e8c\\u9ad8\\u62f1\\u6a4b\\u4e0b\\u6eaa\\u9053\\u4ee5\\u300c\\u7af9\\u86c7\\u7c60\\u300d\\u5efa\\u7bc9\\u5830\\u5824\\u63d0\\u9ad8\\u6c34\\u4f4d\\uff0c\\u9054\\u5230\\u6514\\u6c34\\u8207\\u5206\\u6c34\\u7684\\u6c34\\u5229\\u529f\\u80fd\\u3002\\u6a6b\\u7f6e\\u6eaa\\u9762\\u4e0a\\u873f\\u8712\\u5982\\u86c7\\u7684\\u300c\\u7af9\\u86c7\\u7c60\\u300d\\u4fc2\\u6307\\u5c31\\u5730\\u53d6\\u6750\\uff0c\\u7528\\u7af9\\u5b50\\u7de8\\u7c0d\\uff0c\\u88dd\\u586b\\u5927\\u5c0f\\u77f3\\u982d\\u800c\\u6210\\uff0c\\u5171\\u5206\\u70ba\\uff1a</p><ol><li data-block-key=\\\"4ohk7\\\">\\u76f4\\u7acb\\u578b\\uff1a\\u8c4e\\u7acb\\u653e\\u5728\\u6eaa\\u6c34\\u4e2d\\u7bc9\\u58e9\\u7684\\u5805\\u7c60\\uff0c\\u53c8\\u7a31\\u300c\\u8c4e\\u7c60\\u300d\\uff0c\\u5448\\u4e0a\\u4e0b\\u7686\\u958b\\u53e3\\u7684\\u5713\\u67f1\\u578b\\u3002</li><li data-block-key=\\\"5uogc\\\">\\u6a6b\\u7f6e\\u578b\\uff1a\\u6f0f\\u6597\\u72c0\\u5e73\\u653e\\u6eaa\\u5e8a\\u6e9d\\u9053\\u4e2d\\u7684\\u53c9\\u7c60\\uff0c\\u5448\\u5713\\u9310\\u578b\\u5e73\\u7f6e\\u5806\\u653e\\u65bc\\u8c4e\\u7c60\\u5f8c\\u65b9\\uff0c\\u56e0\\u982d\\u5927\\u5c3e\\u5c0f\\u7684\\u5713\\u9310\\u5f62\\u72c0\\uff0c\\u4ea6\\u7a31\\u4f5c\\u9b5a\\u5c3e\\u53c9\\u7c60\\u3002</li></ol><p data-block-key=\\\"edaiq\\\"><a href=\\\"https://www.wra10.gov.tw/cp.aspx?n=26903\\\"><i>\\u8cc7\\u6599\\u4f86\\u6e90\\uff1a\\u6c34\\u5229\\u7f72\\u7b2c\\u5341\\u6cb3\\u5ddd\\u5c40</i></a></p>\", \"id\": \"503c3755-50b2-4a17-8ff0-8f4a71b580f3\"}, {\"type\": \"heading\", \"value\": \"\\u78a7\\u6f6d\\u5830\\u6539\\u5584\\u5de5\\u7a0b\", \"id\": \"b4f087b7-d905-4b8d-82ad-1401a23fc6c9\"}, {\"type\": \"paragraph\", \"value\": \"<p data-block-key=\\\"gfi7w\\\">\\u78a7\\u6f6d\\u5830\\u9664\\u71df\\u9020\\u78a7\\u6f6d\\u6c34\\u57df\\u74b0\\u5883\\u632f\\u8208\\u78a7\\u6f6d\\u89c0\\u5149\\uff0c\\u540c\\u6642\\u5830\\u4e0b\\u6e38\\u5340\\u57df\\u6c34\\u9053\\u5bec\\u95ca\\uff0c\\u5169\\u5074\\u8349\\u6fa4\\u5730\\u751f\\u614b\\u5ea6\\u9ad8\\uff0c\\u5b55\\u80b2\\u591a\\u6a23\\u6c34\\u57df\\u751f\\u7269\\uff0c\\u914d\\u5408\\u751f\\u614b\\u9b5a\\u9053\\u7684\\u5efa\\u7f6e\\uff0c\\u6709\\u52a9\\u65bc\\u6d04\\u6e38\\u578b\\u9b5a\\u985e\\u7684\\u9077\\u79fb\\u884c\\u70ba\\uff0c\\u64f4\\u5927\\u751f\\u7269\\u7684\\u68f2\\u606f\\u74b0\\u5883\\uff0c\\u5851\\u9020\\u65b0\\u5e97\\u6eaa\\u6d41\\u57df\\u4e00\\u8655\\u5177\\u74b0\\u5883\\u6559\\u80b2\\u610f\\u7fa9\\u4e4b\\u4f11\\u9592\\u666f\\u9ede\\u3002\\u900f\\u904e\\u7d50\\u5408\\u5730\\u5340\\u6027\\u4eba\\u6587\\u610f\\u8c61\\u4ee5\\u53ca\\u6c34\\u5cb8\\u7279\\u8272\\u7a7a\\u9593\\uff0c\\u9054\\u5230\\u63d0\\u5347\\u5340\\u57df\\u74b0\\u5883\\u8a2d\\u65bd\\u54c1\\u8cea\\u53ca\\u52a0\\u503c\\u751f\\u614b\\u4f11\\u9592\\u6d3b\\u52d5\\u76ee\\u7684\\u3002</p><p data-block-key=\\\"a9c1t\\\"></p><p data-block-key=\\\"a427o\\\"><b>\\u9810\\u671f\\u6210\\u679c:</b></p><p data-block-key=\\\"4f81r\\\"><b>(\\u4e00)\\u914d\\u5408\\u78a7\\u6f6d\\u5830\\u9ad4\\u6574\\u5efa\\uff0c\\u63d0\\u5347\\u6cb3\\u9632\\u5b89\\u5168\\u54c1\\u8cea\\u3002</b></p><p data-block-key=\\\"ci3ga\\\"><b>(\\u4e8c)\\u5efa\\u9020\\u89aa\\u6c34\\u751f\\u614b\\u9b5a\\u9053\\uff0c\\u4e32\\u806f\\u591a\\u6a23\\u751f\\u7269\\u5eca\\u9053\\u3002</b></p><p data-block-key=\\\"vbvf\\\"><b>(\\u4e09)\\u6253\\u9020\\u666f\\u89c0\\u6c34\\u57df\\u74b0\\u5883\\uff0c\\u5275\\u9020\\u81ea\\u7136\\u5171\\u751f\\u6c1b\\u570d\\u3002</b></p><p data-block-key=\\\"2288l\\\"><a href=\\\"https://water.ntpc.gov.tw/News/Detail/3649.htm\\\"><i>\\u8cc7\\u6599\\u4f86\\u6e90\\uff1a\\u65b0\\u5317\\u5e02\\u6c34\\u5229\\u5c40</i></a></p>\", \"id\": \"868345b0-1f8c-499a-8a80-7ea182584cc5\"}]"}}, {"model": "home.commonpage", "pk": 5, "fields": {"body": "[{\"type\": \"demo\", \"value\": {\"iframe\": \"\", \"photo\": 4, \"topic\": \"\\u8c4e\\u69fd\\u659c\\u9694\\u58c1\\u5f0f\\u9b5a\\u9053\", \"description\": \"<p data-block-key=\\\"e7xaa\\\">\\u589e\\u8a2d\\u9b5a\\u9053\\u662f\\u78a7\\u6f6d\\u5830\\u6539\\u5efa\\u5de5\\u7a0b\\u7684\\u4eae\\u9ede\\u4e4b\\u4e00\\uff0c\\u9664\\u4e86\\u80fd\\u4fdd\\u8b77\\u6c34\\u751f\\u751f\\u7269\\u4f86\\u5f80\\u4e0a\\u4e0b\\u6e38\\u901a\\u884c\\u4e0d\\u53d7\\u58e9\\u9ad4\\u963b\\u7919\\u4e4b\\u5916\\uff0c\\u66f4\\u5177\\u6709\\u666f\\u89c0\\u548c\\u74b0\\u5883\\u6559\\u80b2\\u529f\\u80fd\\u3002</p><p data-block-key=\\\"17cd4\\\">\\u8c4e\\u69fd\\u659c\\u9694\\u58c1\\u5f0f\\u9b5a\\u9053\\u662f\\u5c07\\u4e00\\u7cfb\\u5217\\u7684\\u659c\\u9694\\u677f\\u4ee5\\u4e00\\u5b9a\\u7684\\u9593\\u8ddd\\u5b89\\u88dd\\u5728\\u9b5a\\u9053\\u4e0a\\uff0c\\u9694\\u677f\\u53ef\\u8b93\\u6c34\\u6d41\\u5f62\\u6210\\u5c0f\\u6f29\\u6e26\\u4e26\\u6e1b\\u7de9\\u6d41\\u901f\\uff0c\\u540c\\u6642\\u5728\\u9b5a\\u9053\\u4e2d\\u5f62\\u6210\\u4e00\\u683c\\u4e00\\u683c\\u7684\\u6c34\\u6c60\\uff0c\\u4ee5\\u5229\\u5e95\\u68f2\\u6027\\u8207\\u6e38\\u6cf3\\u529b\\u8f03\\u4f4e\\u4e4b\\u9b5a\\u985e\\u4e0a\\u6eaf\\u6d04\\u6e38\\u3002\\u9b5a\\u9053\\u5167\\u6bcf\\u56fa\\u5b9a\\u8ddd\\u96e2\\u8a2d\\u7f6e\\u4f11\\u606f\\u6c60\\uff0c\\u7576\\u6c34\\u751f\\u751f\\u7269\\u5728\\u901a\\u904e\\u9b5a\\u9053\\u6642\\uff0c\\u5b83\\u5011\\u53ef\\u4ee5\\u5728\\u9019\\u4e9b\\u6c34\\u6c60\\u4e2d\\u66ab\\u6642\\u68f2\\u606f\\u3002\\u800c\\u659c\\u9694\\u58c1\\u7684\\u5f62\\u5f0f\\uff0c\\u8b93\\u901a\\u904e\\u9694\\u677f\\u4e0a\\u65b9\\u7684\\u6c34\\u6d41\\uff08\\u8d8a\\u6d41\\uff09\\u5f62\\u6210\\u6df1\\u6dfa\\u9ad8\\u4f4e\\u4e0d\\u540c\\u7684\\u6d41\\u901f\\uff0c\\u63d0\\u4f9b\\u591a\\u6a23\\u7684\\u6c34\\u6d41\\u74b0\\u5883\\u4ee5\\u4fbf\\u591a\\u7a2e\\u4e0a\\u6eaf\\u7684\\u9b5a\\u985e\\u5229\\u7528\\u3002\\u6b64\\u5916\\uff0c\\u5176\\u7d50\\u69cb\\u76f8\\u5c0d\\u7c21\\u55ae\\uff0c\\u4e14\\u80fd\\u5920\\u61c9\\u7528\\u5728\\u6c34\\u4f4d\\u8b8a\\u5316\\u8f03\\u5927\\u7684\\u5730\\u65b9\\uff0c\\u975e\\u5e38\\u9069\\u5408\\u4e0a\\u6e38\\u6703\\u6709\\u8abf\\u7bc0\\u6027\\u653e\\u6c34\\u7684\\u78a7\\u6f6d\\u5830\\u3002</p>\"}, \"id\": \"6a6960ed-17c5-43a6-95e9-8e7f37fdbf66\"}, {\"type\": \"demo\", \"value\": {\"iframe\": \"\", \"photo\": 7, \"topic\": \"\\u9b5a\\u9053\\u5165\\u53e3\", \"description\": \"<p data-block-key=\\\"e7xaa\\\">\\u5165\\u53e3\\u5229\\u7528\\u78a7\\u6f6d\\u5830\\u6392\\u6d2a\\u9053\\u7684\\u6c34\\u91cf\\u5438\\u5f15\\u9b5a\\u7fa4\\u9032\\u5165\\uff0c\\u4e26\\u4e14\\u5165\\u53e3\\u8655\\u8207\\u5830\\u9ad4\\u4e0b\\u6e38\\u6c34\\u57df\\u5728\\u540c\\u4e00\\u6c34\\u5e73\\u9762\\u4e0a\\uff0c\\u53ea\\u8981\\u6c34\\u6df1\\u8db3\\u5920\\u5404\\u7a2e\\u9b5a\\u985e\\u90fd\\u53ef\\u4ee5\\u9806\\u5229\\u9032\\u5165\\u9b5a\\u9053\\u3002</p>\"}, \"id\": \"efa4976b-e5e9-44c7-b4d6-0bb1e7093153\"}, {\"type\": \"demo\", \"value\": {\"iframe\": \"\", \"photo\": 8, \"topic\": \"\\u9b5a\\u9053\\u51fa\\u53e3\", \"description\": \"<p data-block-key=\\\"e7xaa\\\">\\u51fa\\u53e3\\u7684\\u7dad\\u4fee\\u9598\\u9580\\u53ca\\u6514\\u6c61\\u67f5\\u8a2d\\u8a08\\u53ef\\u4fdd\\u8b77\\u9b5a\\u9053\\u672c\\u9ad4\\uff0c\\u78ba\\u4fdd\\u9b5a\\u9053\\u7684\\u901a\\u66a2\\u53ca\\u7dad\\u4fee\\u4eba\\u54e1\\u7684\\u5b89\\u5168\\u3002\\u9b5a\\u9053\\u7684\\u51fa\\u53e3\\u4e5f\\u662f\\u76e3\\u6e2c\\u9b5a\\u985e\\u5229\\u7528\\u60c5\\u6cc1\\u548c\\u8a55\\u4f30\\u9b5a\\u9053\\u6210\\u6548\\u7684\\u95dc\\u9375\\u5340\\u57df\\uff0c\\u56e0\\u6b64\\u6c34\\u4e0b\\u651d\\u5f71\\u6a5f\\u4e5f\\u8a2d\\u7f6e\\u9019\\u9644\\u8fd1\\u3002</p>\"}, \"id\": \"ac92d15c-7699-4bdf-a6d3-d357d85bb094\"}]"}}, {"model": "home.commonpage", "pk": 6, "fields": {"body": "[{\"type\": \"image\", \"value\": 1, \"id\": \"204fac45-8161-4507-81d5-9a26a40a8fea\"}, {\"type\": \"paragraph\", \"value\": \"<p data-block-key=\\\"fh19m\\\"><a href=\\\"https://www.facebook.com/?ref=logo\\\">Facebook</a></p><p data-block-key=\\\"al1k9\\\">30013 \\u65b0\\u7af9\\u5e02\\u6771\\u5340\\u5149\\u660e\\u91cc\\u5149\\u5fa9\\u8def\\u4e8c\\u6bb5101\\u865f</p><p data-block-key=\\\"e0rp8\\\"><a href=\\\"tel:+88600000000\\\">Tel : 00000000</a></p><p data-block-key=\\\"7avj6\\\"><a href=\\\"tel:+88600000000\\\">Fax: 00000000</a></p><p data-block-key=\\\"68upg\\\"><a href=\\\"mailto:aaaaaaaa123456789012@gmail.com\\\">Email: a123456789012@gmail.com</a></p>\", \"id\": \"793a2d1d-5523-4747-a6e6-b4b5f4cbf7a6\"}]"}}, {"model": "home.commonpage", "pk": 7, "fields": {"body": "[{\"type\": \"dashboard\", \"value\": \"TableApp\", \"id\": \"576b92f9-40d6-4a85-9f55-ae4a07466b2e\"}]"}}, {"model": "home.commonpage", "pk": 8, "fields": {"body": "[{\"type\": \"dashboard\", \"value\": \"PlotApp\", \"id\": \"3fb729fb-91c1-4dd7-bdff-ac77b1d2e6a5\"}]"}}, {"model": "home.commonpage", "pk": 9, "fields": {"body": "[]"}}, {"model": "home.menuitem", "pk": 1, "fields": {"sort_order": 1, "link_page": 4, "menu": 1}}, {"model": "home.menuitem", "pk": 2, "fields": {"sort_order": 2, "link_page": 9, "menu": 1}}, {"model": "home.menuitem", "pk": 3, "fields": {"sort_order": 3, "link_page": 5, "menu": 1}}, {"model": "home.menuitem", "pk": 4, "fields": {"sort_order": 4, "link_page": 7, "menu": 2}}, {"model": "home.menuitem", "pk": 5, "fields": {"sort_order": 5, "link_page": 8, "menu": 2}}, {"model": "home.menuitem", "pk": 6, "fields": {"sort_order": 6, "link_page": 6, "menu": 3}}, {"model": "home.menu", "pk": 1, "fields": {"sort_order": 1, "title": "魚道資訊", "position": 0}}, {"model": "home.menu", "pk": 2, "fields": {"sort_order": 2, "title": "統計資料", "position": 0}}, {"model": "home.menu", "pk": 3, "fields": {"sort_order": 3, "title": "聯絡方式", "position": 0}}, {"model": "home.genericpagecontent", "pk": 1, "fields": {"banner_bg_image": 11, "banner_bg_tint": "#072f2e"}}, {"model": "wagtailusers.userprofile", "pk": 1, "fields": {"user": 1, "submitted_notifications": true, "approved_notifications": true, "rejected_notifications": true, "updated_comments_notifications": true, "preferred_language": "", "current_time_zone": "", "avatar": "", "dismissibles": {"help": true, "whats-new-in-wagtail-5.0": true, "editor-guide": true}, "theme": "system"}}, {"model": "wagtailimages.image", "pk": 1, "fields": {"collection": 1, "title": "1_3668_x_1920", "file": "original_images/1_3668_x_1920.jpg", "width": 3668, "height": 1920, "created_at": "2023-07-30T03:04:41.312Z", "uploaded_by_user": 1, "focal_point_x": null, "focal_point_y": null, "focal_point_width": null, "focal_point_height": null, "file_size": 883530, "file_hash": "2df2dbb64c8146546ed2bcd2ad11c7aa3339636b"}}, {"model": "wagtailimages.image", "pk": 2, "fields": {"collection": 1, "title": "2__2518_x_1920", "file": "original_images/2__2518_x_1920.jpg", "width": 2518, "height": 1920, "created_at": "2023-07-30T03:04:41.501Z", "uploaded_by_user": 1, "focal_point_x": null, "focal_point_y": null, "focal_point_width": null, "focal_point_height": null, "file_size": 1591173, "file_hash": "d6f990e5b95d0d51eedb995cdb14dac20e0b0444"}}, {"model": "wagtailimages.image", "pk": 3, "fields": {"collection": 1, "title": "3_1036_x_906", "file": "original_images/3_1036_x_906.jpg", "width": 1236, "height": 824, "created_at": "2023-07-30T03:04:41.577Z", "uploaded_by_user": 1, "focal_point_x": null, "focal_point_y": null, "focal_point_width": null, "focal_point_height": null, "file_size": 1009405, "file_hash": "08d2be0d127314f31b1e8f6aac8c466a4cc54fa7"}}, {"model": "wagtailimages.image", "pk": 4, "fields": {"collection": 1, "title": "353425832_1442337056532892_299581387294401932_n2", "file": "original_images/353425832_1442337056532892_299581387294401932_n2.jpg", "width": 3024, "height": 4032, "created_at": "2023-07-30T03:04:41.944Z", "uploaded_by_user": 1, "focal_point_x": null, "focal_point_y": null, "focal_point_width": null, "focal_point_height": null, "file_size": 7284879, "file_hash": "b62c89fa2448a92936a3038d3e67b6169bcf019b"}}, {"model": "wagtailimages.image", "pk": 5, "fields": {"collection": 1, "title": "CoverFigure", "file": "original_images/CoverFigure.png", "width": 800, "height": 449, "created_at": "2023-07-30T03:04:42.081Z", "uploaded_by_user": 1, "focal_point_x": null, "focal_point_y": null, "focal_point_width": null, "focal_point_height": null, "file_size": 542727, "file_hash": "a169eaae32a5b0a6d9bb95c436e723c41487d59d"}}, {"model": "wagtailimages.image", "pk": 6, "fields": {"collection": 1, "title": "d0389640-c1fd-4f1c-b540-811e90fc1ed5", "file": "original_images/d0389640-c1fd-4f1c-b540-811e90fc1ed5.jpg", "width": 1280, "height": 963, "created_at": "2023-07-30T03:04:42.149Z", "uploaded_by_user": 1, "focal_point_x": null, "focal_point_y": null, "focal_point_width": null, "focal_point_height": null, "file_size": 401785, "file_hash": "13addc4fe9da9b6be2ccd28d5776a7615645ca12"}}, {"model": "wagtailimages.image", "pk": 7, "fields": {"collection": 1, "title": "Fig_25_BiTanYanYuDao3DLieYinMoXing", "file": "original_images/Fig_25_BiTanYanYuDao3DLieYinMoXing.jpg", "width": 733, "height": 412, "created_at": "2023-07-30T03:04:42.213Z", "uploaded_by_user": 1, "focal_point_x": null, "focal_point_y": null, "focal_point_width": null, "focal_point_height": null, "file_size": 22038, "file_hash": "c6fea120889967b7f9ee092762824a352e35cb8f"}}, {"model": "wagtailimages.image", "pk": 8, "fields": {"collection": 1, "title": "Fig_25_BiTanYanYuDao3DLieYinMoXing_1", "file": "original_images/Fig_25_BiTanYanYuDao3DLieYinMoXing_1.jpg", "width": 733, "height": 412, "created_at": "2023-07-30T03:04:42.264Z", "uploaded_by_user": 1, "focal_point_x": null, "focal_point_y": null, "focal_point_width": null, "focal_point_height": null, "file_size": 20701, "file_hash": "8fdfe755888e2698c7260637113e706fbff1d509"}}, {"model": "wagtailimages.image", "pk": 10, "fields": {"collection": 1, "title": "Runway_2023-05-24T05_46_17.264Z_Upscale_Image_Upscaled_Image_2553_x_1920", "file": "original_images/Runway_2023-05-24T05_46_17.264Z_Upscale_Image_Upscaled_Image_2553_x_1920.jpg", "width": 2553, "height": 1920, "created_at": "2023-07-30T03:04:42.430Z", "uploaded_by_user": 1, "focal_point_x": null, "focal_point_y": null, "focal_point_width": null, "focal_point_height": null, "file_size": 383494, "file_hash": "d9e684d1077a5d0e44da47e51a86e64e687ea70e"}}, {"model": "wagtailimages.image", "pk": 11, "fields": {"collection": 1, "title": "simple-header-blended-small", "file": "original_images/simple-header-blended-small.png", "width": 725, "height": 544, "created_at": "2023-07-30T06:20:01.664Z", "uploaded_by_user": 1, "focal_point_x": null, "focal_point_y": null, "focal_point_width": null, "focal_point_height": null, "file_size": 297036, "file_hash": "4f9ee65b79322315a518e83264fead6b86908208"}}, {"model": "wagtailimages.rendition", "pk": 1, "fields": {"filter_spec": "max-165x165", "file": "images/Runway_2023-05-24T05_46_17.264Z_Upscale_Imag.max-165x165.jpg", "width": 165, "height": 124, "focal_point_key": "", "image": 10}}, {"model": "wagtailimages.rendition", "pk": 3, "fields": {"filter_spec": "max-165x165", "file": "images/Fig_25_BiTanYanYuDao3DLieYinMoXing_1.max-165x165.jpg", "width": 165, "height": 92, "focal_point_key": "", "image": 8}}, {"model": "wagtailimages.rendition", "pk": 4, "fields": {"filter_spec": "max-165x165", "file": "images/Fig_25_BiTanYanYuDao3DLieYinMoXing.max-165x165.jpg", "width": 165, "height": 92, "focal_point_key": "", "image": 7}}, {"model": "wagtailimages.rendition", "pk": 5, "fields": {"filter_spec": "max-165x165", "file": "images/d0389640-c1fd-4f1c-b540-811e90fc1ed5.max-165x165.jpg", "width": 165, "height": 124, "focal_point_key": "", "image": 6}}, {"model": "wagtailimages.rendition", "pk": 6, "fields": {"filter_spec": "max-165x165", "file": "images/CoverFigure.max-165x165.png", "width": 165, "height": 92, "focal_point_key": "", "image": 5}}, {"model": "wagtailimages.rendition", "pk": 7, "fields": {"filter_spec": "max-165x165", "file": "images/353425832_1442337056532892_29958138729440193.max-165x165.jpg", "width": 123, "height": 165, "focal_point_key": "", "image": 4}}, {"model": "wagtailimages.rendition", "pk": 8, "fields": {"filter_spec": "max-165x165", "file": "images/3_1036_x_906.max-165x165.jpg", "width": 165, "height": 110, "focal_point_key": "", "image": 3}}, {"model": "wagtailimages.rendition", "pk": 9, "fields": {"filter_spec": "max-165x165", "file": "images/2__2518_x_1920.max-165x165.jpg", "width": 165, "height": 125, "focal_point_key": "", "image": 2}}, {"model": "wagtailimages.rendition", "pk": 10, "fields": {"filter_spec": "max-165x165", "file": "images/1_3668_x_1920.max-165x165.jpg", "width": 165, "height": 86, "focal_point_key": "", "image": 1}}, {"model": "wagtailimages.rendition", "pk": 11, "fields": {"filter_spec": "original", "file": "images/Runway_2023-05-24T05_46_17.264Z_Upscale_Image_U.original_y2iCU6r.jpg", "width": 2553, "height": 1920, "focal_point_key": "", "image": 10}}, {"model": "wagtailimages.rendition", "pk": 12, "fields": {"filter_spec": "original", "file": "images/d0389640-c1fd-4f1c-b540-811e90fc1ed5.original.jpg", "width": 1280, "height": 963, "focal_point_key": "", "image": 6}}, {"model": "wagtailimages.rendition", "pk": 13, "fields": {"filter_spec": "original", "file": "images/2__2518_x_1920.original.jpg", "width": 2518, "height": 1920, "focal_point_key": "", "image": 2}}, {"model": "wagtailimages.rendition", "pk": 14, "fields": {"filter_spec": "original", "file": "images/1_3668_x_1920.original.jpg", "width": 3668, "height": 1920, "focal_point_key": "", "image": 1}}, {"model": "wagtailimages.rendition", "pk": 15, "fields": {"filter_spec": "max-165x165", "file": "images/simple-header-blended-small.max-165x165.png", "width": 165, "height": 123, "focal_point_key": "", "image": 11}}, {"model": "wagtailimages.rendition", "pk": 16, "fields": {"filter_spec": "original", "file": "images/simple-header-blended-small.original.png", "width": 725, "height": 544, "focal_point_key": "", "image": 11}}, {"model": "wagtailsearch.sqliteftsindexentry", "pk": 1, "fields": {"autocomplete": "Root", "title": "Root", "body": ""}}, {"model": "wagtailsearch.sqliteftsindexentry", "pk": 2, "fields": {"autocomplete": "碧潭堰魚道", "title": "碧潭堰魚道", "body": ""}}, {"model": "wagtailsearch.sqliteftsindexentry", "pk": 3, "fields": {"autocomplete": "碧潭堰介紹", "title": "碧潭堰介紹", "body": ""}}, {"model": "wagtailsearch.sqliteftsindexentry", "pk": 4, "fields": {"autocomplete": "1_3668_x_1920", "title": "1_3668_x_1920", "body": ""}}, {"model": "wagtailsearch.sqliteftsindexentry", "pk": 5, "fields": {"autocomplete": "2__2518_x_1920", "title": "2__2518_x_1920", "body": ""}}, {"model": "wagtailsearch.sqliteftsindexentry", "pk": 6, "fields": {"autocomplete": "3_1036_x_906", "title": "3_1036_x_906", "body": ""}}, {"model": "wagtailsearch.sqliteftsindexentry", "pk": 7, "fields": {"autocomplete": "353425832_1442337056532892_299581387294401932_n2", "title": "353425832_1442337056532892_299581387294401932_n2", "body": ""}}, {"model": "wagtailsearch.sqliteftsindexentry", "pk": 8, "fields": {"autocomplete": "CoverFigure", "title": "CoverFigure", "body": ""}}, {"model": "wagtailsearch.sqliteftsindexentry", "pk": 9, "fields": {"autocomplete": "d0389640-c1fd-4f1c-b540-811e90fc1ed5", "title": "d0389640-c1fd-4f1c-b540-811e90fc1ed5", "body": ""}}, {"model": "wagtailsearch.sqliteftsindexentry", "pk": 10, "fields": {"autocomplete": "Fig_25_BiTanYanYuDao3DLieYinMoXing", "title": "Fig_25_BiTanYanYuDao3DLieYinMoXing", "body": ""}}, {"model": "wagtailsearch.sqliteftsindexentry", "pk": 11, "fields": {"autocomplete": "Fig_25_BiTanYanYuDao3DLieYinMoXing_1", "title": "Fig_25_BiTanYanYuDao3DLieYinMoXing_1", "body": ""}}, {"model": "wagtailsearch.sqliteftsindexentry", "pk": 13, "fields": {"autocomplete": "Runway_2023-05-24T05_46_17.264Z_Upscale_Image_Upscaled_Image_2553_x_1920", "title": "Runway_2023-05-24T05_46_17.264Z_Upscale_Image_Upscaled_Image_2553_x_1920", "body": ""}}, {"model": "wagtailsearch.sqliteftsindexentry", "pk": 14, "fields": {"autocomplete": "魚道設計", "title": "魚道設計", "body": ""}}, {"model": "wagtailsearch.sqliteftsindexentry", "pk": 15, "fields": {"autocomplete": "聯絡資訊", "title": "聯絡資訊", "body": ""}}, {"model": "wagtailsearch.sqliteftsindexentry", "pk": 16, "fields": {"autocomplete": "資料下載", "title": "資料下載", "body": ""}}, {"model": "wagtailsearch.sqliteftsindexentry", "pk": 17, "fields": {"autocomplete": "統計圖表", "title": "統計圖表", "body": ""}}, {"model": "wagtailsearch.sqliteftsindexentry", "pk": 18, "fields": {"autocomplete": "碧潭堰生態", "title": "碧潭堰生態", "body": ""}}, {"model": "wagtailsearch.sqliteftsindexentry", "pk": 19, "fields": {"autocomplete": "simple-header-blended-small", "title": "simple-header-blended-small", "body": ""}}, {"model": "wagtailsearch.indexentry", "pk": 1, "fields": {"content_type": 1, "object_id": "1", "title_norm": 1.125, "autocomplete": "Root", "title": "Root", "body": ""}}, {"model": "wagtailsearch.indexentry", "pk": 2, "fields": {"content_type": 6, "object_id": "3", "title_norm": 0.9, "autocomplete": "碧潭堰魚道", "title": "碧潭堰魚道", "body": ""}}, {"model": "wagtailsearch.indexentry", "pk": 3, "fields": {"content_type": 6, "object_id": "4", "title_norm": 0.9333333333333333, "autocomplete": "碧潭堰介紹", "title": "碧潭堰介紹", "body": ""}}, {"model": "wagtailsearch.indexentry", "pk": 4, "fields": {"content_type": 5, "object_id": "1", "title_norm": 0.5192307692307693, "autocomplete": "1_3668_x_1920", "title": "1_3668_x_1920", "body": ""}}, {"model": "wagtailsearch.indexentry", "pk": 5, "fields": {"content_type": 5, "object_id": "2", "title_norm": 0.5857142857142856, "autocomplete": "2__2518_x_1920", "title": "2__2518_x_1920", "body": ""}}, {"model": "wagtailsearch.indexentry", "pk": 6, "fields": {"content_type": 5, "object_id": "3", "title_norm": 0.7361111111111112, "autocomplete": "3_1036_x_906", "title": "3_1036_x_906", "body": ""}}, {"model": "wagtailsearch.indexentry", "pk": 7, "fields": {"content_type": 5, "object_id": "4", "title_norm": 0.3005952380952381, "autocomplete": "353425832_1442337056532892_299581387294401932_n2", "title": "353425832_1442337056532892_299581387294401932_n2", "body": ""}}, {"model": "wagtailsearch.indexentry", "pk": 8, "fields": {"content_type": 5, "object_id": "5", "title_norm": 1.2727272727272727, "autocomplete": "CoverFigure", "title": "CoverFigure", "body": ""}}, {"model": "wagtailsearch.indexentry", "pk": 9, "fields": {"content_type": 5, "object_id": "6", "title_norm": 0.4567901234567901, "autocomplete": "d0389640-c1fd-4f1c-b540-811e90fc1ed5", "title": "d0389640-c1fd-4f1c-b540-811e90fc1ed5", "body": ""}}, {"model": "wagtailsearch.indexentry", "pk": 10, "fields": {"content_type": 5, "object_id": "7", "title_norm": 0.5352941176470588, "autocomplete": "Fig_25_BiTanYanYuDao3DLieYinMoXing", "title": "Fig_25_BiTanYanYuDao3DLieYinMoXing", "body": ""}}, {"model": "wagtailsearch.indexentry", "pk": 11, "fields": {"content_type": 5, "object_id": "8", "title_norm": 0.5505050505050505, "autocomplete": "Fig_25_BiTanYanYuDao3DLieYinMoXing_1", "title": "Fig_25_BiTanYanYuDao3DLieYinMoXing_1", "body": ""}}, {"model": "wagtailsearch.indexentry", "pk": 13, "fields": {"content_type": 5, "object_id": "10", "title_norm": 0.32478632478632474, "autocomplete": "Runway_2023-05-24T05_46_17.264Z_Upscale_Image_Upscaled_Image_2553_x_1920", "title": "Runway_2023-05-24T05_46_17.264Z_Upscale_Image_Upscaled_Image_2553_x_1920", "body": ""}}, {"model": "wagtailsearch.indexentry", "pk": 14, "fields": {"content_type": 6, "object_id": "5", "title_norm": 5.653846153846154, "autocomplete": "魚道設計", "title": "魚道設計", "body": ""}}, {"model": "wagtailsearch.indexentry", "pk": 15, "fields": {"content_type": 6, "object_id": "6", "title_norm": 5.321428571428571, "autocomplete": "聯絡資訊", "title": "聯絡資訊", "body": ""}}, {"model": "wagtailsearch.indexentry", "pk": 16, "fields": {"content_type": 6, "object_id": "7", "title_norm": 5.033333333333333, "autocomplete": "資料下載", "title": "資料下載", "body": ""}}, {"model": "wagtailsearch.indexentry", "pk": 17, "fields": {"content_type": 6, "object_id": "8", "title_norm": 4.78125, "autocomplete": "統計圖表", "title": "統計圖表", "body": ""}}, {"model": "wagtailsearch.indexentry", "pk": 18, "fields": {"content_type": 6, "object_id": "9", "title_norm": 3.6588235294117646, "autocomplete": "碧潭堰生態", "title": "碧潭堰生態", "body": ""}}, {"model": "wagtailsearch.indexentry", "pk": 19, "fields": {"content_type": 5, "object_id": "11", "title_norm": 0.6954732510288066, "autocomplete": "simple-header-blended-small", "title": "simple-header-blended-small", "body": ""}}, {"model": "wagtailcore.locale", "pk": 1, "fields": {"language_code": "zh-hant"}}, {"model": "wagtailcore.site", "pk": 2, "fields": {"hostname": "localhost", "port": 80, "site_name": "", "root_page": 3, "is_default_site": true}}, {"model": "wagtailcore.modellogentry", "pk": 1, "fields": {"content_type": 29, "label": "localhost [預設]", "action": "wagtail.create", "data": {}, "timestamp": "2023-07-29T16:17:44.449Z", "uuid": "29f477e0-7582-4fd2-b5ff-6de4402aa4f6", "user": 1, "revision": null, "content_changed": true, "deleted": false, "object_id": "2"}}, {"model": "wagtailcore.modellogentry", "pk": 2, "fields": {"content_type": 7, "label": "魚道資訊", "action": "wagtail.create", "data": {}, "timestamp": "2023-07-30T03:14:51.852Z", "uuid": "7d479afa-bf0d-46e5-8389-d73e26039169", "user": 1, "revision": null, "content_changed": true, "deleted": false, "object_id": "1"}}, {"model": "wagtailcore.modellogentry", "pk": 3, "fields": {"content_type": 7, "label": "統計資料", "action": "wagtail.create", "data": {}, "timestamp": "2023-07-30T03:15:18.697Z", "uuid": "a4c7c189-e7be-4365-8e82-52d3f2b83a78", "user": 1, "revision": null, "content_changed": true, "deleted": false, "object_id": "2"}}, {"model": "wagtailcore.modellogentry", "pk": 4, "fields": {"content_type": 7, "label": "聯絡方式", "action": "wagtail.create", "data": {}, "timestamp": "2023-07-30T03:15:45.588Z", "uuid": "3f66140e-570f-429e-907d-ae204e7bc758", "user": 1, "revision": null, "content_changed": true, "deleted": false, "object_id": "3"}}, {"model": "wagtailcore.modellogentry", "pk": 5, "fields": {"content_type": 58, "label": "generic page content", "action": "wagtail.edit", "data": {}, "timestamp": "2023-07-30T05:40:57.698Z", "uuid": "554d5549-02b0-499e-b1a2-3829f0f55a9c", "user": 1, "revision": null, "content_changed": false, "deleted": false, "object_id": "1"}}, {"model": "wagtailcore.modellogentry", "pk": 6, "fields": {"content_type": 58, "label": "頁首與頁尾", "action": "wagtail.edit", "data": {}, "timestamp": "2023-07-30T06:20:33.602Z", "uuid": "ef113f4d-9037-481b-af61-3b27c333c307", "user": 1, "revision": null, "content_changed": false, "deleted": false, "object_id": "1"}}, {"model": "wagtailcore.modellogentry", "pk": 7, "fields": {"content_type": 58, "label": "頁首與頁尾", "action": "wagtail.edit", "data": {}, "timestamp": "2023-07-30T06:44:15.209Z", "uuid": "7a7edd77-7e91-431f-b110-9b9bcc560a89", "user": 1, "revision": null, "content_changed": false, "deleted": false, "object_id": "1"}}, {"model": "wagtailcore.modellogentry", "pk": 8, "fields": {"content_type": 58, "label": "頁首與頁尾", "action": "wagtail.edit", "data": {}, "timestamp": "2023-07-30T06:44:20.085Z", "uuid": "ef306fa7-f840-4203-b815-252fdac5e772", "user": 1, "revision": null, "content_changed": false, "deleted": false, "object_id": "1"}}, {"model": "wagtailcore.modellogentry", "pk": 9, "fields": {"content_type": 58, "label": "頁首與頁尾", "action": "wagtail.edit", "data": {}, "timestamp": "2023-07-30T06:45:05.791Z", "uuid": "163b8400-a157-4992-83e2-5a5b9e56744d", "user": 1, "revision": null, "content_changed": false, "deleted": false, "object_id": "1"}}, {"model": "wagtailcore.modellogentry", "pk": 10, "fields": {"content_type": 58, "label": "頁首與頁尾", "action": "wagtail.edit", "data": {}, "timestamp": "2023-07-30T06:49:07.885Z", "uuid": "6e549b67-cc78-4ef9-b2db-abc1c8783e48", "user": 1, "revision": null, "content_changed": false, "deleted": false, "object_id": "1"}}, {"model": "wagtailcore.modellogentry", "pk": 11, "fields": {"content_type": 58, "label": "頁首與頁尾", "action": "wagtail.edit", "data": {}, "timestamp": "2023-07-30T06:49:14.370Z", "uuid": "4110460d-9f37-45de-81ff-bfb67afeb24f", "user": 1, "revision": null, "content_changed": false, "deleted": false, "object_id": "1"}}, {"model": "wagtailcore.modellogentry", "pk": 12, "fields": {"content_type": 58, "label": "頁首與頁尾", "action": "wagtail.edit", "data": {}, "timestamp": "2023-07-30T06:49:40.205Z", "uuid": "ab564e0e-feaf-46e3-8dc8-5ccf2369a0f8", "user": 1, "revision": null, "content_changed": false, "deleted": false, "object_id": "1"}}, {"model": "wagtailcore.modellogentry", "pk": 13, "fields": {"content_type": 58, "label": "頁首與頁尾", "action": "wagtail.edit", "data": {}, "timestamp": "2023-07-31T05:46:37.009Z", "uuid": "49338418-2684-4235-9f8c-c3b60e505150", "user": 1, "revision": null, "content_changed": false, "deleted": false, "object_id": "1"}}, {"model": "wagtailcore.modellogentry", "pk": 14, "fields": {"content_type": 58, "label": "頁首與頁尾", "action": "wagtail.edit", "data": {}, "timestamp": "2023-07-31T05:53:52.219Z", "uuid": "b03e0ec9-e94b-4408-951e-232da94e88a2", "user": 1, "revision": null, "content_changed": false, "deleted": false, "object_id": "1"}}, {"model": "wagtailcore.modellogentry", "pk": 15, "fields": {"content_type": 58, "label": "頁首與頁尾", "action": "wagtail.edit", "data": {}, "timestamp": "2023-07-31T05:54:05.893Z", "uuid": "7fedc452-461d-457b-bc6e-c5472967255a", "user": 1, "revision": null, "content_changed": false, "deleted": false, "object_id": "1"}}, {"model": "wagtailcore.modellogentry", "pk": 16, "fields": {"content_type": 58, "label": "頁首與頁尾", "action": "wagtail.edit", "data": {}, "timestamp": "2023-07-31T05:54:07.552Z", "uuid": "79c5b4e6-73d2-40aa-bc1f-e9630dd6c68a", "user": 1, "revision": null, "content_changed": false, "deleted": false, "object_id": "1"}}, {"model": "wagtailcore.modellogentry", "pk": 17, "fields": {"content_type": 58, "label": "頁首與頁尾", "action": "wagtail.edit", "data": {}, "timestamp": "2023-07-31T05:54:17.610Z", "uuid": "eaa67fb9-38c8-4de2-8404-6c31b5ddd733", "user": 1, "revision": null, "content_changed": false, "deleted": false, "object_id": "1"}}, {"model": "wagtailcore.modellogentry", "pk": 18, "fields": {"content_type": 58, "label": "頁首與頁尾", "action": "wagtail.edit", "data": {}, "timestamp": "2023-07-31T05:54:42.405Z", "uuid": "3995cdca-1434-4e49-b8b7-47fe1ce37341", "user": 1, "revision": null, "content_changed": false, "deleted": false, "object_id": "1"}}, {"model": "wagtailcore.collection", "pk": 1, "fields": {"path": "0001", "depth": 1, "numchild": 0, "name": "Root"}}, {"model": "wagtailcore.groupcollectionpermission", "pk": 1, "fields": {"group": 2, "collection": 1, "permission": 2}}, {"model": "wagtailcore.groupcollectionpermission", "pk": 2, "fields": {"group": 1, "collection": 1, "permission": 2}}, {"model": "wagtailcore.groupcollectionpermission", "pk": 3, "fields": {"group": 2, "collection": 1, "permission": 3}}, {"model": "wagtailcore.groupcollectionpermission", "pk": 4, "fields": {"group": 1, "collection": 1, "permission": 3}}, {"model": "wagtailcore.groupcollectionpermission", "pk": 5, "fields": {"group": 2, "collection": 1, "permission": 5}}, {"model": "wagtailcore.groupcollectionpermission", "pk": 6, "fields": {"group": 1, "collection": 1, "permission": 5}}, {"model": "wagtailcore.groupcollectionpermission", "pk": 7, "fields": {"group": 2, "collection": 1, "permission": 6}}, {"model": "wagtailcore.groupcollectionpermission", "pk": 8, "fields": {"group": 1, "collection": 1, "permission": 6}}, {"model": "wagtailcore.groupcollectionpermission", "pk": 9, "fields": {"group": 2, "collection": 1, "permission": 7}}, {"model": "wagtailcore.groupcollectionpermission", "pk": 10, "fields": {"group": 1, "collection": 1, "permission": 7}}, {"model": "wagtailcore.groupcollectionpermission", "pk": 11, "fields": {"group": 2, "collection": 1, "permission": 9}}, {"model": "wagtailcore.groupcollectionpermission", "pk": 12, "fields": {"group": 1, "collection": 1, "permission": 9}}, {"model": "wagtailcore.referenceindex", "pk": 1, "fields": {"content_type": 5, "base_content_type": 5, "object_id": "1", "to_content_type": 30, "to_object_id": "1", "model_path": "collection", "content_path": "collection", "content_path_hash": "b40b1263-e929-57f2-a7f8-9dbce56b887b"}}, {"model": "wagtailcore.referenceindex", "pk": 2, "fields": {"content_type": 5, "base_content_type": 5, "object_id": "2", "to_content_type": 30, "to_object_id": "1", "model_path": "collection", "content_path": "collection", "content_path_hash": "b40b1263-e929-57f2-a7f8-9dbce56b887b"}}, {"model": "wagtailcore.referenceindex", "pk": 3, "fields": {"content_type": 5, "base_content_type": 5, "object_id": "3", "to_content_type": 30, "to_object_id": "1", "model_path": "collection", "content_path": "collection", "content_path_hash": "b40b1263-e929-57f2-a7f8-9dbce56b887b"}}, {"model": "wagtailcore.referenceindex", "pk": 4, "fields": {"content_type": 5, "base_content_type": 5, "object_id": "4", "to_content_type": 30, "to_object_id": "1", "model_path": "collection", "content_path": "collection", "content_path_hash": "b40b1263-e929-57f2-a7f8-9dbce56b887b"}}, {"model": "wagtailcore.referenceindex", "pk": 5, "fields": {"content_type": 5, "base_content_type": 5, "object_id": "5", "to_content_type": 30, "to_object_id": "1", "model_path": "collection", "content_path": "collection", "content_path_hash": "b40b1263-e929-57f2-a7f8-9dbce56b887b"}}, {"model": "wagtailcore.referenceindex", "pk": 6, "fields": {"content_type": 5, "base_content_type": 5, "object_id": "6", "to_content_type": 30, "to_object_id": "1", "model_path": "collection", "content_path": "collection", "content_path_hash": "b40b1263-e929-57f2-a7f8-9dbce56b887b"}}, {"model": "wagtailcore.referenceindex", "pk": 7, "fields": {"content_type": 5, "base_content_type": 5, "object_id": "7", "to_content_type": 30, "to_object_id": "1", "model_path": "collection", "content_path": "collection", "content_path_hash": "b40b1263-e929-57f2-a7f8-9dbce56b887b"}}, {"model": "wagtailcore.referenceindex", "pk": 8, "fields": {"content_type": 5, "base_content_type": 5, "object_id": "8", "to_content_type": 30, "to_object_id": "1", "model_path": "collection", "content_path": "collection", "content_path_hash": "b40b1263-e929-57f2-a7f8-9dbce56b887b"}}, {"model": "wagtailcore.referenceindex", "pk": 10, "fields": {"content_type": 5, "base_content_type": 5, "object_id": "10", "to_content_type": 30, "to_object_id": "1", "model_path": "collection", "content_path": "collection", "content_path_hash": "b40b1263-e929-57f2-a7f8-9dbce56b887b"}}, {"model": "wagtailcore.referenceindex", "pk": 11, "fields": {"content_type": 6, "base_content_type": 1, "object_id": "4", "to_content_type": 5, "to_object_id": "10", "model_path": "body.gallery.item", "content_path": "body.1b77d50a-965a-450f-9ff8-246714b9749d.9004346d-bddd-4796-befc-3acb33881d87", "content_path_hash": "07fbdc74-d070-5f6c-8b66-4e8a6a86a54d"}}, {"model": "wagtailcore.referenceindex", "pk": 12, "fields": {"content_type": 6, "base_content_type": 1, "object_id": "4", "to_content_type": 5, "to_object_id": "6", "model_path": "body.gallery.item", "content_path": "body.1b77d50a-965a-450f-9ff8-246714b9749d.ee3842c1-8c7f-4e62-a2c2-d8ca4159ac8e", "content_path_hash": "13754582-ac12-500a-80d3-25c7433e6c72"}}, {"model": "wagtailcore.referenceindex", "pk": 13, "fields": {"content_type": 6, "base_content_type": 1, "object_id": "4", "to_content_type": 5, "to_object_id": "2", "model_path": "body.gallery.item", "content_path": "body.1b77d50a-965a-450f-9ff8-246714b9749d.41d3d2f6-13ef-412d-b326-b18031e49f22", "content_path_hash": "80480a44-1745-590e-910f-ee0151042891"}}, {"model": "wagtailcore.referenceindex", "pk": 14, "fields": {"content_type": 6, "base_content_type": 1, "object_id": "5", "to_content_type": 5, "to_object_id": "7", "model_path": "body.demo.photo", "content_path": "body.efa4976b-e5e9-44c7-b4d6-0bb1e7093153.photo", "content_path_hash": "10bd24e0-3351-51fe-8531-65f250944c09"}}, {"model": "wagtailcore.referenceindex", "pk": 15, "fields": {"content_type": 6, "base_content_type": 1, "object_id": "5", "to_content_type": 5, "to_object_id": "4", "model_path": "body.demo.photo", "content_path": "body.6a6960ed-17c5-43a6-95e9-8e7f37fdbf66.photo", "content_path_hash": "3b9e27bb-2630-52d8-91e9-dc2716b480a9"}}, {"model": "wagtailcore.referenceindex", "pk": 16, "fields": {"content_type": 6, "base_content_type": 1, "object_id": "5", "to_content_type": 5, "to_object_id": "8", "model_path": "body.demo.photo", "content_path": "body.ac92d15c-7699-4bdf-a6d3-d357d85bb094.photo", "content_path_hash": "2d287ff1-e3c7-58e5-9563-f9b6343ef7e3"}}, {"model": "wagtailcore.referenceindex", "pk": 17, "fields": {"content_type": 6, "base_content_type": 1, "object_id": "6", "to_content_type": 5, "to_object_id": "1", "model_path": "body.image", "content_path": "body.204fac45-8161-4507-81d5-9a26a40a8fea", "content_path_hash": "72139f15-6d28-5001-9fa8-17f29eeb4f88"}}, {"model": "wagtailcore.referenceindex", "pk": 18, "fields": {"content_type": 7, "base_content_type": 7, "object_id": "1", "to_content_type": 1, "to_object_id": "4", "model_path": "menu_items.item.link_page", "content_path": "menu_items.1.link_page", "content_path_hash": "89565392-45d8-5313-b0fe-fa69fdcfd6e3"}}, {"model": "wagtailcore.referenceindex", "pk": 21, "fields": {"content_type": 7, "base_content_type": 7, "object_id": "1", "to_content_type": 1, "to_object_id": "9", "model_path": "menu_items.item.link_page", "content_path": "menu_items.2.link_page", "content_path_hash": "66a7c865-23fe-573e-912c-6883cb26a5c0"}}, {"model": "wagtailcore.referenceindex", "pk": 22, "fields": {"content_type": 7, "base_content_type": 7, "object_id": "1", "to_content_type": 1, "to_object_id": "5", "model_path": "menu_items.item.link_page", "content_path": "menu_items.3.link_page", "content_path_hash": "d746fa2d-06e4-5943-be54-df3eb4fab85f"}}, {"model": "wagtailcore.referenceindex", "pk": 23, "fields": {"content_type": 7, "base_content_type": 7, "object_id": "2", "to_content_type": 1, "to_object_id": "7", "model_path": "menu_items.item.link_page", "content_path": "menu_items.4.link_page", "content_path_hash": "4c50d8db-d001-5cec-87f5-771740847a43"}}, {"model": "wagtailcore.referenceindex", "pk": 25, "fields": {"content_type": 7, "base_content_type": 7, "object_id": "2", "to_content_type": 1, "to_object_id": "8", "model_path": "menu_items.item.link_page", "content_path": "menu_items.5.link_page", "content_path_hash": "99dae278-c767-5775-ab00-d9399236ddcb"}}, {"model": "wagtailcore.referenceindex", "pk": 26, "fields": {"content_type": 7, "base_content_type": 7, "object_id": "3", "to_content_type": 1, "to_object_id": "6", "model_path": "menu_items.item.link_page", "content_path": "menu_items.6.link_page", "content_path_hash": "8b83ee6a-f460-5ee9-bb6e-f9344a035479"}}, {"model": "wagtailcore.referenceindex", "pk": 27, "fields": {"content_type": 5, "base_content_type": 5, "object_id": "11", "to_content_type": 30, "to_object_id": "1", "model_path": "collection", "content_path": "collection", "content_path_hash": "b40b1263-e929-57f2-a7f8-9dbce56b887b"}}, {"model": "wagtailcore.page", "pk": 1, "fields": {"path": "0001", "depth": 1, "numchild": 1, "translation_key": "8ca162c5-d770-43d5-8b0a-44ba2450e474", "locale": 1, "latest_revision": null, "live": true, "has_unpublished_changes": false, "first_published_at": null, "last_published_at": null, "live_revision": null, "go_live_at": null, "expire_at": null, "expired": false, "locked": false, "locked_at": null, "locked_by": null, "title": "Root", "draft_title": "Root", "slug": "root", "content_type": 1, "url_path": "/", "owner": null, "seo_title": "", "show_in_menus": false, "search_description": "", "latest_revision_created_at": null, "alias_of": null}}, {"model": "wagtailcore.page", "pk": 3, "fields": {"path": "00010001", "depth": 2, "numchild": 6, "translation_key": "c5967964-9c3d-4065-99cf-c6993eb3c3d4", "locale": 1, "latest_revision": 13, "live": true, "has_unpublished_changes": false, "first_published_at": "2023-07-29T16:16:38.357Z", "last_published_at": "2023-07-30T05:26:09.876Z", "live_revision": 13, "go_live_at": null, "expire_at": null, "expired": false, "locked": false, "locked_at": null, "locked_by": null, "title": "碧潭堰魚道", "draft_title": "碧潭堰魚道", "slug": "home", "content_type": 6, "url_path": "/home/", "owner": 1, "seo_title": "", "show_in_menus": false, "search_description": "", "latest_revision_created_at": "2023-07-30T05:26:09.854Z", "alias_of": null}}, {"model": "wagtailcore.page", "pk": 4, "fields": {"path": "000100010001", "depth": 3, "numchild": 0, "translation_key": "e02f98bf-1c77-4eda-b567-08319b3756c0", "locale": 1, "latest_revision": 5, "live": true, "has_unpublished_changes": false, "first_published_at": "2023-07-30T03:07:21.332Z", "last_published_at": "2023-07-30T03:07:21.332Z", "live_revision": 5, "go_live_at": null, "expire_at": null, "expired": false, "locked": false, "locked_at": null, "locked_by": null, "title": "碧潭堰介紹", "draft_title": "碧潭堰介紹", "slug": "碧潭堰介紹", "content_type": 6, "url_path": "/home/碧潭堰介紹/", "owner": 1, "seo_title": "", "show_in_menus": false, "search_description": "", "latest_revision_created_at": "2023-07-30T03:07:21.311Z", "alias_of": null}}, {"model": "wagtailcore.page", "pk": 5, "fields": {"path": "000100010002", "depth": 3, "numchild": 0, "translation_key": "173e07a7-ac73-43f1-98bf-434888fd62ec", "locale": 1, "latest_revision": 6, "live": true, "has_unpublished_changes": false, "first_published_at": "2023-07-30T03:10:10.762Z", "last_published_at": "2023-07-30T03:10:10.762Z", "live_revision": 6, "go_live_at": null, "expire_at": null, "expired": false, "locked": false, "locked_at": null, "locked_by": null, "title": "魚道設計", "draft_title": "魚道設計", "slug": "魚道設計", "content_type": 6, "url_path": "/home/魚道設計/", "owner": 1, "seo_title": "", "show_in_menus": false, "search_description": "", "latest_revision_created_at": "2023-07-30T03:10:10.740Z", "alias_of": null}}, {"model": "wagtailcore.page", "pk": 6, "fields": {"path": "000100010003", "depth": 3, "numchild": 0, "translation_key": "f83cf3f1-da5d-4976-bfd2-eec30e6b0e80", "locale": 1, "latest_revision": 7, "live": true, "has_unpublished_changes": false, "first_published_at": "2023-07-30T03:11:49.280Z", "last_published_at": "2023-07-30T03:11:49.280Z", "live_revision": 7, "go_live_at": null, "expire_at": null, "expired": false, "locked": false, "locked_at": null, "locked_by": null, "title": "聯絡資訊", "draft_title": "聯絡資訊", "slug": "聯絡資訊", "content_type": 6, "url_path": "/home/聯絡資訊/", "owner": 1, "seo_title": "", "show_in_menus": false, "search_description": "", "latest_revision_created_at": "2023-07-30T03:11:49.258Z", "alias_of": null}}, {"model": "wagtailcore.page", "pk": 7, "fields": {"path": "000100010004", "depth": 3, "numchild": 0, "translation_key": "f376552d-2714-488d-a0ec-c077acb95fc3", "locale": 1, "latest_revision": 8, "live": true, "has_unpublished_changes": false, "first_published_at": "2023-07-30T03:12:41.821Z", "last_published_at": "2023-07-30T03:12:41.821Z", "live_revision": 8, "go_live_at": null, "expire_at": null, "expired": false, "locked": false, "locked_at": null, "locked_by": null, "title": "資料下載", "draft_title": "資料下載", "slug": "資料下載", "content_type": 6, "url_path": "/home/資料下載/", "owner": 1, "seo_title": "", "show_in_menus": false, "search_description": "", "latest_revision_created_at": "2023-07-30T03:12:41.804Z", "alias_of": null}}, {"model": "wagtailcore.page", "pk": 8, "fields": {"path": "000100010005", "depth": 3, "numchild": 0, "translation_key": "3db765e5-e55a-4e1f-bc25-cc0c3b678cc5", "locale": 1, "latest_revision": 9, "live": true, "has_unpublished_changes": false, "first_published_at": "2023-07-30T03:13:16.942Z", "last_published_at": "2023-07-30T03:13:16.942Z", "live_revision": 9, "go_live_at": null, "expire_at": null, "expired": false, "locked": false, "locked_at": null, "locked_by": null, "title": "統計圖表", "draft_title": "統計圖表", "slug": "統計圖表", "content_type": 6, "url_path": "/home/統計圖表/", "owner": 1, "seo_title": "", "show_in_menus": false, "search_description": "", "latest_revision_created_at": "2023-07-30T03:13:16.918Z", "alias_of": null}}, {"model": "wagtailcore.page", "pk": 9, "fields": {"path": "000100010006", "depth": 3, "numchild": 0, "translation_key": "3cc58790-4111-4dd4-8a50-7d767634ac94", "locale": 1, "latest_revision": 10, "live": true, "has_unpublished_changes": false, "first_published_at": "2023-07-30T03:13:46.185Z", "last_published_at": "2023-07-30T03:13:46.185Z", "live_revision": 10, "go_live_at": null, "expire_at": null, "expired": false, "locked": false, "locked_at": null, "locked_by": null, "title": "碧潭堰生態", "draft_title": "碧潭堰生態", "slug": "碧潭堰生態", "content_type": 6, "url_path": "/home/碧潭堰生態/", "owner": 1, "seo_title": "", "show_in_menus": false, "search_description": "", "latest_revision_created_at": "2023-07-30T03:13:46.162Z", "alias_of": null}}, {"model": "wagtailcore.revision", "pk": 1, "fields": {"content_type": 6, "base_content_type": 1, "object_id": "3", "submitted_for_moderation": false, "created_at": "2023-07-29T16:16:27.123Z", "user": 1, "object_str": "碧潭堰魚道", "content": {"pk": 3, "path": "00010001", "depth": 2, "numchild": 0, "translation_key": "c5967964-9c3d-4065-99cf-c6993eb3c3d4", "locale": 1, "latest_revision": null, "live": false, "has_unpublished_changes": false, "first_published_at": null, "last_published_at": null, "live_revision": null, "go_live_at": null, "expire_at": null, "expired": false, "locked": false, "locked_at": null, "locked_by": null, "title": "碧潭堰魚道", "draft_title": "碧潭堰魚道", "slug": "碧潭堰魚道", "content_type": 6, "url_path": "/碧潭堰魚道/", "owner": 1, "seo_title": "", "show_in_menus": false, "search_description": "", "latest_revision_created_at": null, "alias_of": null, "body": "[{\"type\": \"demo\", \"value\": {\"iframe\": \"https://www.youtube.com/embed/7Qu8XckwKIY\", \"photo\": null, \"topic\": \"\\u78a7\\u6f6d\\u5830\\u9b5a\\u9053\\u5167\\u5373\\u6642\\u5f71\\u50cf(1)\", \"description\": \"<p data-block-key=\\\"a91cr\\\">\\u65b0\\u5e97\\u6eaa\\u4ee5\\u300c\\u6c34\\u5b89\\u5168\\u3001\\u6c34\\u6e05\\u6de8\\u3001\\u6c34\\u80b2\\u6a02\\u3001\\u6c34\\u751f\\u614b\\u3001\\u6c34\\u6587\\u5316\\u300d\\u6cb3\\u5eca\\u71df\\u9020\\u6210\\u679c\\uff0c\\u5df2\\u5c07\\u65b0\\u5e97\\u6eaa\\u6253\\u9020\\u6210\\u6c34\\u6f3e\\u535a\\u7269\\u9928\\u3002\\u78a7\\u6f6d\\u5830\\u6539\\u5584\\u66a8\\u5468\\u908a\\u74b0\\u5883\\u71df\\u9020\\u5de5\\u7a0b\\u7d50\\u5408\\u6c34\\u751f\\u614b\\u74b0\\u5883\\u6559\\u80b2\\u5efa\\u7f6e\\uff0c\\u65bc\\u9b5a\\u9053\\u4e2d\\u8a2d\\u7f6e\\u89c0\\u5bdf\\u7a97\\u53ca\\u76e3\\u6e2c\\u651d\\u5f71\\u7cfb\\u7d71\\uff0c\\u53ef24\\u5c0f\\u6642\\u5373\\u6642\\u89c0\\u5bdf\\u6c34\\u4e2d\\u751f\\u7269\\u3002</p>\"}, \"id\": \"35ac3521-2608-4e30-8594-153ca076e809\"}, {\"type\": \"demo\", \"value\": {\"iframe\": \"https://www.youtube.com/embed/f4mhIXp7rS0\", \"photo\": null, \"topic\": \"\\u78a7\\u6f6d\\u5830\\u9b5a\\u9053\\u5167\\u5373\\u6642\\u5f71\\u50cf(2)\", \"description\": \"<p data-block-key=\\\"a91cr\\\">\\u7b2c\\u4e8c\\u93e1\\u982d</p>\"}, \"id\": \"eb386805-098b-4a43-bc86-70fed0953d17\"}]", "wagtail_admin_comments": []}, "approved_go_live_at": null}}, {"model": "wagtailcore.revision", "pk": 2, "fields": {"content_type": 6, "base_content_type": 1, "object_id": "3", "submitted_for_moderation": false, "created_at": "2023-07-29T16:16:38.342Z", "user": 1, "object_str": "碧潭堰魚道", "content": {"pk": 3, "path": "00010001", "depth": 2, "numchild": 0, "translation_key": "c5967964-9c3d-4065-99cf-c6993eb3c3d4", "locale": 1, "latest_revision": 1, "live": false, "has_unpublished_changes": true, "first_published_at": null, "last_published_at": null, "live_revision": null, "go_live_at": null, "expire_at": null, "expired": false, "locked": false, "locked_at": null, "locked_by": null, "title": "碧潭堰魚道", "draft_title": "碧潭堰魚道", "slug": "碧潭堰魚道", "content_type": 6, "url_path": "/碧潭堰魚道/", "owner": 1, "seo_title": "", "show_in_menus": false, "search_description": "", "latest_revision_created_at": "2023-07-29T16:16:27.123Z", "alias_of": null, "body": "[{\"type\": \"demo\", \"value\": {\"iframe\": \"https://www.youtube.com/embed/7Qu8XckwKIY\", \"photo\": null, \"topic\": \"\\u78a7\\u6f6d\\u5830\\u9b5a\\u9053\\u5167\\u5373\\u6642\\u5f71\\u50cf(1)\", \"description\": \"<p data-block-key=\\\"a91cr\\\">\\u65b0\\u5e97\\u6eaa\\u4ee5\\u300c\\u6c34\\u5b89\\u5168\\u3001\\u6c34\\u6e05\\u6de8\\u3001\\u6c34\\u80b2\\u6a02\\u3001\\u6c34\\u751f\\u614b\\u3001\\u6c34\\u6587\\u5316\\u300d\\u6cb3\\u5eca\\u71df\\u9020\\u6210\\u679c\\uff0c\\u5df2\\u5c07\\u65b0\\u5e97\\u6eaa\\u6253\\u9020\\u6210\\u6c34\\u6f3e\\u535a\\u7269\\u9928\\u3002\\u78a7\\u6f6d\\u5830\\u6539\\u5584\\u66a8\\u5468\\u908a\\u74b0\\u5883\\u71df\\u9020\\u5de5\\u7a0b\\u7d50\\u5408\\u6c34\\u751f\\u614b\\u74b0\\u5883\\u6559\\u80b2\\u5efa\\u7f6e\\uff0c\\u65bc\\u9b5a\\u9053\\u4e2d\\u8a2d\\u7f6e\\u89c0\\u5bdf\\u7a97\\u53ca\\u76e3\\u6e2c\\u651d\\u5f71\\u7cfb\\u7d71\\uff0c\\u53ef24\\u5c0f\\u6642\\u5373\\u6642\\u89c0\\u5bdf\\u6c34\\u4e2d\\u751f\\u7269\\u3002</p>\"}, \"id\": \"35ac3521-2608-4e30-8594-153ca076e809\"}, {\"type\": \"demo\", \"value\": {\"iframe\": \"https://www.youtube.com/embed/f4mhIXp7rS0\", \"photo\": null, \"topic\": \"\\u78a7\\u6f6d\\u5830\\u9b5a\\u9053\\u5167\\u5373\\u6642\\u5f71\\u50cf(2)\", \"description\": \"<p data-block-key=\\\"a91cr\\\">\\u7b2c\\u4e8c\\u93e1\\u982d</p>\"}, \"id\": \"eb386805-098b-4a43-bc86-70fed0953d17\"}]", "wagtail_admin_comments": []}, "approved_go_live_at": null}}, {"model": "wagtailcore.revision", "pk": 3, "fields": {"content_type": 6, "base_content_type": 1, "object_id": "4", "submitted_for_moderation": false, "created_at": "2023-07-30T03:01:25.250Z", "user": 1, "object_str": "碧潭堰介紹", "content": {"pk": 4, "path": "000100010001", "depth": 3, "numchild": 0, "translation_key": "e02f98bf-1c77-4eda-b567-08319b3756c0", "locale": 1, "latest_revision": null, "live": false, "has_unpublished_changes": false, "first_published_at": null, "last_published_at": null, "live_revision": null, "go_live_at": null, "expire_at": null, "expired": false, "locked": false, "locked_at": null, "locked_by": null, "title": "碧潭堰介紹", "draft_title": "碧潭堰介紹", "slug": "碧潭堰介紹", "content_type": 6, "url_path": "/碧潭堰魚道/碧潭堰介紹/", "owner": 1, "seo_title": "", "show_in_menus": false, "search_description": "", "latest_revision_created_at": null, "alias_of": null, "body": "[]", "wagtail_admin_comments": []}, "approved_go_live_at": null}}, {"model": "wagtailcore.revision", "pk": 4, "fields": {"content_type": 6, "base_content_type": 1, "object_id": "4", "submitted_for_moderation": false, "created_at": "2023-07-30T03:06:56.128Z", "user": 1, "object_str": "碧潭堰介紹", "content": {"pk": 4, "path": "000100010001", "depth": 3, "numchild": 0, "translation_key": "e02f98bf-1c77-4eda-b567-08319b3756c0", "locale": 1, "latest_revision": 3, "live": false, "has_unpublished_changes": true, "first_published_at": null, "last_published_at": null, "live_revision": null, "go_live_at": null, "expire_at": null, "expired": false, "locked": false, "locked_at": null, "locked_by": null, "title": "碧潭堰介紹", "draft_title": "碧潭堰介紹", "slug": "碧潭堰介紹", "content_type": 6, "url_path": "/碧潭堰魚道/碧潭堰介紹/", "owner": 1, "seo_title": "", "show_in_menus": false, "search_description": "", "latest_revision_created_at": "2023-07-30T03:01:25.250Z", "alias_of": null, "body": "[{\"type\": \"gallery\", \"value\": [{\"type\": \"item\", \"value\": 10, \"id\": \"9004346d-bddd-4796-befc-3acb33881d87\"}, {\"type\": \"item\", \"value\": 6, \"id\": \"ee3842c1-8c7f-4e62-a2c2-d8ca4159ac8e\"}, {\"type\": \"item\", \"value\": 2, \"id\": \"41d3d2f6-13ef-412d-b326-b18031e49f22\"}], \"id\": \"1b77d50a-965a-450f-9ff8-246714b9749d\"}, {\"type\": \"heading\", \"value\": \"\\u78a7\\u6f6d\\u5830\", \"id\": \"f930ecca-b6e5-4a4f-96f5-736c96aa79e8\"}, {\"type\": \"paragraph\", \"value\": \"<p data-block-key=\\\"gfi7w\\\">\\u78a7\\u6f6d\\u4f4d\\u65bc\\u7345\\u982d\\u5c71\\u5c71\\u8173\\u4e0b\\uff0c\\u53c8\\u7a31\\u4f5c\\u300c\\u7345\\u5c71\\u908a\\u5927\\u6f6d\\u300d\\u30021767\\u5e74\\u70ba\\u7460\\u516c\\u5733\\u53d6\\u6c34\\u6240\\u8a2d\\u7684\\u78a7\\u6f6d\\u5830\\uff0c\\u662f\\u65b0\\u5e97\\u6eaa\\u6700\\u65e9\\u7684\\u5927\\u578b\\u6514\\u6c34\\u8a2d\\u65bd\\uff0c\\u4f9b\\u7460\\u516c\\u5733\\u53d6\\u6c34\\u4e4b\\u4fbf\\uff0c\\u7121\\u610f\\u9593\\u6210\\u5c31\\u4e86\\u78a7\\u6f6d\\u7f8e\\u666f\\u3002\\u9664\\u4e86\\u7460\\u516c\\u5733\\uff0c\\u9084\\u6709\\u5927\\u576a\\u6797\\u5733\\u8207\\u5f15\\u6c34\\u77f3\\u787f\\uff08\\u8154\\uff09\\u7b49\\u6c34\\u5229\\u8a2d\\u65bd\\u7684\\u8208\\u7bc9\\u3002\\u96a8\\u904e\\u53bb\\u65b0\\u5e97\\u805a\\u843d\\u7684\\u767c\\u5c55\\uff0c\\u56e0\\u61c9\\u4ea4\\u901a\\u9700\\u6c42\\u800c\\u51fa\\u73fe\\u7684\\u65b0\\u5e97\\u6e21\\u3001\\u78a7\\u6f6d\\u540a\\u6a4b\\u70ba\\u73fe\\u4eca\\u78a7\\u6f6d\\u7684\\u7279\\u8272\\u4e4b\\u4e00\\u3002\\u78a7\\u6f6d\\u897f\\u5cb8\\u4f9d\\u508d\\u7684\\u548c\\u7f8e\\u5c71\\uff0c\\u9664\\u4e86\\u6709\\u5929\\u7136\\u7279\\u8272\\u666f\\u9ede\\u300c\\u5c0f\\u8d64\\u58c1\\u300d\\uff0c\\u9084\\u6709\\u548c\\u7f8e\\u7926\\u5834\\u907a\\u8de1\\u4f9b\\u4eba\\u61f7\\u53e4\\u8ffd\\u601d\\u3002</p><p data-block-key=\\\"70m0c\\\">\\u78a7\\u6f6d\\u5830\\u8208\\u7bc9\\u662f\\u7531\\u7460\\u516c\\u90ed\\u932b\\u7460\\u4e4b\\u5b50\\u90ed\\u5143\\u82ac\\uff0c\\u65bc\\u73fe\\u4eca\\u5317\\u4e8c\\u9ad8\\u62f1\\u6a4b\\u4e0b\\u6eaa\\u9053\\u4ee5\\u300c\\u7af9\\u86c7\\u7c60\\u300d\\u5efa\\u7bc9\\u5830\\u5824\\u63d0\\u9ad8\\u6c34\\u4f4d\\uff0c\\u9054\\u5230\\u6514\\u6c34\\u8207\\u5206\\u6c34\\u7684\\u6c34\\u5229\\u529f\\u80fd\\u3002\\u6a6b\\u7f6e\\u6eaa\\u9762\\u4e0a\\u873f\\u8712\\u5982\\u86c7\\u7684\\u300c\\u7af9\\u86c7\\u7c60\\u300d\\u4fc2\\u6307\\u5c31\\u5730\\u53d6\\u6750\\uff0c\\u7528\\u7af9\\u5b50\\u7de8\\u7c0d\\uff0c\\u88dd\\u586b\\u5927\\u5c0f\\u77f3\\u982d\\u800c\\u6210\\uff0c\\u5171\\u5206\\u70ba\\uff1a</p><ol><li data-block-key=\\\"4ohk7\\\">\\u76f4\\u7acb\\u578b\\uff1a\\u8c4e\\u7acb\\u653e\\u5728\\u6eaa\\u6c34\\u4e2d\\u7bc9\\u58e9\\u7684\\u5805\\u7c60\\uff0c\\u53c8\\u7a31\\u300c\\u8c4e\\u7c60\\u300d\\uff0c\\u5448\\u4e0a\\u4e0b\\u7686\\u958b\\u53e3\\u7684\\u5713\\u67f1\\u578b\\u3002</li><li data-block-key=\\\"5uogc\\\">\\u6a6b\\u7f6e\\u578b\\uff1a\\u6f0f\\u6597\\u72c0\\u5e73\\u653e\\u6eaa\\u5e8a\\u6e9d\\u9053\\u4e2d\\u7684\\u53c9\\u7c60\\uff0c\\u5448\\u5713\\u9310\\u578b\\u5e73\\u7f6e\\u5806\\u653e\\u65bc\\u8c4e\\u7c60\\u5f8c\\u65b9\\uff0c\\u56e0\\u982d\\u5927\\u5c3e\\u5c0f\\u7684\\u5713\\u9310\\u5f62\\u72c0\\uff0c\\u4ea6\\u7a31\\u4f5c\\u9b5a\\u5c3e\\u53c9\\u7c60\\u3002</li></ol><p data-block-key=\\\"edaiq\\\"><a href=\\\"https://www.wra10.gov.tw/cp.aspx?n=26903\\\"><i>\\u8cc7\\u6599\\u4f86\\u6e90\\uff1a\\u6c34\\u5229\\u7f72\\u7b2c\\u5341\\u6cb3\\u5ddd\\u5c40</i></a></p>\", \"id\": \"503c3755-50b2-4a17-8ff0-8f4a71b580f3\"}, {\"type\": \"heading\", \"value\": \"\\u78a7\\u6f6d\\u5830\\u6539\\u5584\\u5de5\\u7a0b\", \"id\": \"b4f087b7-d905-4b8d-82ad-1401a23fc6c9\"}, {\"type\": \"paragraph\", \"value\": \"<p data-block-key=\\\"gfi7w\\\">\\u78a7\\u6f6d\\u5830\\u9664\\u71df\\u9020\\u78a7\\u6f6d\\u6c34\\u57df\\u74b0\\u5883\\u632f\\u8208\\u78a7\\u6f6d\\u89c0\\u5149\\uff0c\\u540c\\u6642\\u5830\\u4e0b\\u6e38\\u5340\\u57df\\u6c34\\u9053\\u5bec\\u95ca\\uff0c\\u5169\\u5074\\u8349\\u6fa4\\u5730\\u751f\\u614b\\u5ea6\\u9ad8\\uff0c\\u5b55\\u80b2\\u591a\\u6a23\\u6c34\\u57df\\u751f\\u7269\\uff0c\\u914d\\u5408\\u751f\\u614b\\u9b5a\\u9053\\u7684\\u5efa\\u7f6e\\uff0c\\u6709\\u52a9\\u65bc\\u6d04\\u6e38\\u578b\\u9b5a\\u985e\\u7684\\u9077\\u79fb\\u884c\\u70ba\\uff0c\\u64f4\\u5927\\u751f\\u7269\\u7684\\u68f2\\u606f\\u74b0\\u5883\\uff0c\\u5851\\u9020\\u65b0\\u5e97\\u6eaa\\u6d41\\u57df\\u4e00\\u8655\\u5177\\u74b0\\u5883\\u6559\\u80b2\\u610f\\u7fa9\\u4e4b\\u4f11\\u9592\\u666f\\u9ede\\u3002\\u900f\\u904e\\u7d50\\u5408\\u5730\\u5340\\u6027\\u4eba\\u6587\\u610f\\u8c61\\u4ee5\\u53ca\\u6c34\\u5cb8\\u7279\\u8272\\u7a7a\\u9593\\uff0c\\u9054\\u5230\\u63d0\\u5347\\u5340\\u57df\\u74b0\\u5883\\u8a2d\\u65bd\\u54c1\\u8cea\\u53ca\\u52a0\\u503c\\u751f\\u614b\\u4f11\\u9592\\u6d3b\\u52d5\\u76ee\\u7684\\u3002</p><p data-block-key=\\\"a9c1t\\\"></p><p data-block-key=\\\"a427o\\\"><b>\\u9810\\u671f\\u6210\\u679c:</b></p><p data-block-key=\\\"4f81r\\\"><b>(\\u4e00)\\u914d\\u5408\\u78a7\\u6f6d\\u5830\\u9ad4\\u6574\\u5efa\\uff0c\\u63d0\\u5347\\u6cb3\\u9632\\u5b89\\u5168\\u54c1\\u8cea\\u3002</b></p><p data-block-key=\\\"ci3ga\\\"><b>(\\u4e8c)\\u5efa\\u9020\\u89aa\\u6c34\\u751f\\u614b\\u9b5a\\u9053\\uff0c\\u4e32\\u806f\\u591a\\u6a23\\u751f\\u7269\\u5eca\\u9053\\u3002</b></p><p data-block-key=\\\"vbvf\\\"><b>(\\u4e09)\\u6253\\u9020\\u666f\\u89c0\\u6c34\\u57df\\u74b0\\u5883\\uff0c\\u5275\\u9020\\u81ea\\u7136\\u5171\\u751f\\u6c1b\\u570d\\u3002</b></p><p data-block-key=\\\"2288l\\\"><a href=\\\"https://water.ntpc.gov.tw/News/Detail/3649.htm\\\"><i>\\u8cc7\\u6599\\u4f86\\u6e90\\uff1a\\u65b0\\u5317\\u5e02\\u6c34\\u5229\\u5c40</i></a></p>\", \"id\": \"868345b0-1f8c-499a-8a80-7ea182584cc5\"}]", "wagtail_admin_comments": []}, "approved_go_live_at": null}}, {"model": "wagtailcore.revision", "pk": 5, "fields": {"content_type": 6, "base_content_type": 1, "object_id": "4", "submitted_for_moderation": false, "created_at": "2023-07-30T03:07:21.311Z", "user": 1, "object_str": "碧潭堰介紹", "content": {"pk": 4, "path": "000100010001", "depth": 3, "numchild": 0, "translation_key": "e02f98bf-1c77-4eda-b567-08319b3756c0", "locale": 1, "latest_revision": 4, "live": false, "has_unpublished_changes": true, "first_published_at": null, "last_published_at": null, "live_revision": null, "go_live_at": null, "expire_at": null, "expired": false, "locked": false, "locked_at": null, "locked_by": null, "title": "碧潭堰介紹", "draft_title": "碧潭堰介紹", "slug": "碧潭堰介紹", "content_type": 6, "url_path": "/碧潭堰魚道/碧潭堰介紹/", "owner": 1, "seo_title": "", "show_in_menus": false, "search_description": "", "latest_revision_created_at": "2023-07-30T03:06:56.128Z", "alias_of": null, "body": "[{\"type\": \"gallery\", \"value\": [{\"type\": \"item\", \"value\": 10, \"id\": \"9004346d-bddd-4796-befc-3acb33881d87\"}, {\"type\": \"item\", \"value\": 6, \"id\": \"ee3842c1-8c7f-4e62-a2c2-d8ca4159ac8e\"}, {\"type\": \"item\", \"value\": 2, \"id\": \"41d3d2f6-13ef-412d-b326-b18031e49f22\"}], \"id\": \"1b77d50a-965a-450f-9ff8-246714b9749d\"}, {\"type\": \"heading\", \"value\": \"\\u78a7\\u6f6d\\u5830\", \"id\": \"f930ecca-b6e5-4a4f-96f5-736c96aa79e8\"}, {\"type\": \"paragraph\", \"value\": \"<p data-block-key=\\\"gfi7w\\\">\\u78a7\\u6f6d\\u4f4d\\u65bc\\u7345\\u982d\\u5c71\\u5c71\\u8173\\u4e0b\\uff0c\\u53c8\\u7a31\\u4f5c\\u300c\\u7345\\u5c71\\u908a\\u5927\\u6f6d\\u300d\\u30021767\\u5e74\\u70ba\\u7460\\u516c\\u5733\\u53d6\\u6c34\\u6240\\u8a2d\\u7684\\u78a7\\u6f6d\\u5830\\uff0c\\u662f\\u65b0\\u5e97\\u6eaa\\u6700\\u65e9\\u7684\\u5927\\u578b\\u6514\\u6c34\\u8a2d\\u65bd\\uff0c\\u4f9b\\u7460\\u516c\\u5733\\u53d6\\u6c34\\u4e4b\\u4fbf\\uff0c\\u7121\\u610f\\u9593\\u6210\\u5c31\\u4e86\\u78a7\\u6f6d\\u7f8e\\u666f\\u3002\\u9664\\u4e86\\u7460\\u516c\\u5733\\uff0c\\u9084\\u6709\\u5927\\u576a\\u6797\\u5733\\u8207\\u5f15\\u6c34\\u77f3\\u787f\\uff08\\u8154\\uff09\\u7b49\\u6c34\\u5229\\u8a2d\\u65bd\\u7684\\u8208\\u7bc9\\u3002\\u96a8\\u904e\\u53bb\\u65b0\\u5e97\\u805a\\u843d\\u7684\\u767c\\u5c55\\uff0c\\u56e0\\u61c9\\u4ea4\\u901a\\u9700\\u6c42\\u800c\\u51fa\\u73fe\\u7684\\u65b0\\u5e97\\u6e21\\u3001\\u78a7\\u6f6d\\u540a\\u6a4b\\u70ba\\u73fe\\u4eca\\u78a7\\u6f6d\\u7684\\u7279\\u8272\\u4e4b\\u4e00\\u3002\\u78a7\\u6f6d\\u897f\\u5cb8\\u4f9d\\u508d\\u7684\\u548c\\u7f8e\\u5c71\\uff0c\\u9664\\u4e86\\u6709\\u5929\\u7136\\u7279\\u8272\\u666f\\u9ede\\u300c\\u5c0f\\u8d64\\u58c1\\u300d\\uff0c\\u9084\\u6709\\u548c\\u7f8e\\u7926\\u5834\\u907a\\u8de1\\u4f9b\\u4eba\\u61f7\\u53e4\\u8ffd\\u601d\\u3002</p><p data-block-key=\\\"70m0c\\\">\\u78a7\\u6f6d\\u5830\\u8208\\u7bc9\\u662f\\u7531\\u7460\\u516c\\u90ed\\u932b\\u7460\\u4e4b\\u5b50\\u90ed\\u5143\\u82ac\\uff0c\\u65bc\\u73fe\\u4eca\\u5317\\u4e8c\\u9ad8\\u62f1\\u6a4b\\u4e0b\\u6eaa\\u9053\\u4ee5\\u300c\\u7af9\\u86c7\\u7c60\\u300d\\u5efa\\u7bc9\\u5830\\u5824\\u63d0\\u9ad8\\u6c34\\u4f4d\\uff0c\\u9054\\u5230\\u6514\\u6c34\\u8207\\u5206\\u6c34\\u7684\\u6c34\\u5229\\u529f\\u80fd\\u3002\\u6a6b\\u7f6e\\u6eaa\\u9762\\u4e0a\\u873f\\u8712\\u5982\\u86c7\\u7684\\u300c\\u7af9\\u86c7\\u7c60\\u300d\\u4fc2\\u6307\\u5c31\\u5730\\u53d6\\u6750\\uff0c\\u7528\\u7af9\\u5b50\\u7de8\\u7c0d\\uff0c\\u88dd\\u586b\\u5927\\u5c0f\\u77f3\\u982d\\u800c\\u6210\\uff0c\\u5171\\u5206\\u70ba\\uff1a</p><ol><li data-block-key=\\\"4ohk7\\\">\\u76f4\\u7acb\\u578b\\uff1a\\u8c4e\\u7acb\\u653e\\u5728\\u6eaa\\u6c34\\u4e2d\\u7bc9\\u58e9\\u7684\\u5805\\u7c60\\uff0c\\u53c8\\u7a31\\u300c\\u8c4e\\u7c60\\u300d\\uff0c\\u5448\\u4e0a\\u4e0b\\u7686\\u958b\\u53e3\\u7684\\u5713\\u67f1\\u578b\\u3002</li><li data-block-key=\\\"5uogc\\\">\\u6a6b\\u7f6e\\u578b\\uff1a\\u6f0f\\u6597\\u72c0\\u5e73\\u653e\\u6eaa\\u5e8a\\u6e9d\\u9053\\u4e2d\\u7684\\u53c9\\u7c60\\uff0c\\u5448\\u5713\\u9310\\u578b\\u5e73\\u7f6e\\u5806\\u653e\\u65bc\\u8c4e\\u7c60\\u5f8c\\u65b9\\uff0c\\u56e0\\u982d\\u5927\\u5c3e\\u5c0f\\u7684\\u5713\\u9310\\u5f62\\u72c0\\uff0c\\u4ea6\\u7a31\\u4f5c\\u9b5a\\u5c3e\\u53c9\\u7c60\\u3002</li></ol><p data-block-key=\\\"edaiq\\\"><a href=\\\"https://www.wra10.gov.tw/cp.aspx?n=26903\\\"><i>\\u8cc7\\u6599\\u4f86\\u6e90\\uff1a\\u6c34\\u5229\\u7f72\\u7b2c\\u5341\\u6cb3\\u5ddd\\u5c40</i></a></p>\", \"id\": \"503c3755-50b2-4a17-8ff0-8f4a71b580f3\"}, {\"type\": \"heading\", \"value\": \"\\u78a7\\u6f6d\\u5830\\u6539\\u5584\\u5de5\\u7a0b\", \"id\": \"b4f087b7-d905-4b8d-82ad-1401a23fc6c9\"}, {\"type\": \"paragraph\", \"value\": \"<p data-block-key=\\\"gfi7w\\\">\\u78a7\\u6f6d\\u5830\\u9664\\u71df\\u9020\\u78a7\\u6f6d\\u6c34\\u57df\\u74b0\\u5883\\u632f\\u8208\\u78a7\\u6f6d\\u89c0\\u5149\\uff0c\\u540c\\u6642\\u5830\\u4e0b\\u6e38\\u5340\\u57df\\u6c34\\u9053\\u5bec\\u95ca\\uff0c\\u5169\\u5074\\u8349\\u6fa4\\u5730\\u751f\\u614b\\u5ea6\\u9ad8\\uff0c\\u5b55\\u80b2\\u591a\\u6a23\\u6c34\\u57df\\u751f\\u7269\\uff0c\\u914d\\u5408\\u751f\\u614b\\u9b5a\\u9053\\u7684\\u5efa\\u7f6e\\uff0c\\u6709\\u52a9\\u65bc\\u6d04\\u6e38\\u578b\\u9b5a\\u985e\\u7684\\u9077\\u79fb\\u884c\\u70ba\\uff0c\\u64f4\\u5927\\u751f\\u7269\\u7684\\u68f2\\u606f\\u74b0\\u5883\\uff0c\\u5851\\u9020\\u65b0\\u5e97\\u6eaa\\u6d41\\u57df\\u4e00\\u8655\\u5177\\u74b0\\u5883\\u6559\\u80b2\\u610f\\u7fa9\\u4e4b\\u4f11\\u9592\\u666f\\u9ede\\u3002\\u900f\\u904e\\u7d50\\u5408\\u5730\\u5340\\u6027\\u4eba\\u6587\\u610f\\u8c61\\u4ee5\\u53ca\\u6c34\\u5cb8\\u7279\\u8272\\u7a7a\\u9593\\uff0c\\u9054\\u5230\\u63d0\\u5347\\u5340\\u57df\\u74b0\\u5883\\u8a2d\\u65bd\\u54c1\\u8cea\\u53ca\\u52a0\\u503c\\u751f\\u614b\\u4f11\\u9592\\u6d3b\\u52d5\\u76ee\\u7684\\u3002</p><p data-block-key=\\\"a9c1t\\\"></p><p data-block-key=\\\"a427o\\\"><b>\\u9810\\u671f\\u6210\\u679c:</b></p><p data-block-key=\\\"4f81r\\\"><b>(\\u4e00)\\u914d\\u5408\\u78a7\\u6f6d\\u5830\\u9ad4\\u6574\\u5efa\\uff0c\\u63d0\\u5347\\u6cb3\\u9632\\u5b89\\u5168\\u54c1\\u8cea\\u3002</b></p><p data-block-key=\\\"ci3ga\\\"><b>(\\u4e8c)\\u5efa\\u9020\\u89aa\\u6c34\\u751f\\u614b\\u9b5a\\u9053\\uff0c\\u4e32\\u806f\\u591a\\u6a23\\u751f\\u7269\\u5eca\\u9053\\u3002</b></p><p data-block-key=\\\"vbvf\\\"><b>(\\u4e09)\\u6253\\u9020\\u666f\\u89c0\\u6c34\\u57df\\u74b0\\u5883\\uff0c\\u5275\\u9020\\u81ea\\u7136\\u5171\\u751f\\u6c1b\\u570d\\u3002</b></p><p data-block-key=\\\"2288l\\\"><a href=\\\"https://water.ntpc.gov.tw/News/Detail/3649.htm\\\"><i>\\u8cc7\\u6599\\u4f86\\u6e90\\uff1a\\u65b0\\u5317\\u5e02\\u6c34\\u5229\\u5c40</i></a></p>\", \"id\": \"868345b0-1f8c-499a-8a80-7ea182584cc5\"}]", "wagtail_admin_comments": []}, "approved_go_live_at": null}}, {"model": "wagtailcore.revision", "pk": 6, "fields": {"content_type": 6, "base_content_type": 1, "object_id": "5", "submitted_for_moderation": false, "created_at": "2023-07-30T03:10:10.740Z", "user": 1, "object_str": "魚道設計", "content": {"pk": 5, "path": "000100010002", "depth": 3, "numchild": 0, "translation_key": "173e07a7-ac73-43f1-98bf-434888fd62ec", "locale": 1, "latest_revision": null, "live": true, "has_unpublished_changes": false, "first_published_at": null, "last_published_at": null, "live_revision": null, "go_live_at": null, "expire_at": null, "expired": false, "locked": false, "locked_at": null, "locked_by": null, "title": "魚道設計", "draft_title": "魚道設計", "slug": "魚道設計", "content_type": 6, "url_path": "/碧潭堰魚道/魚道設計/", "owner": 1, "seo_title": "", "show_in_menus": false, "search_description": "", "latest_revision_created_at": null, "alias_of": null, "body": "[{\"type\": \"demo\", \"value\": {\"iframe\": \"\", \"photo\": 4, \"topic\": \"\\u8c4e\\u69fd\\u659c\\u9694\\u58c1\\u5f0f\\u9b5a\\u9053\", \"description\": \"<p data-block-key=\\\"e7xaa\\\">\\u589e\\u8a2d\\u9b5a\\u9053\\u662f\\u78a7\\u6f6d\\u5830\\u6539\\u5efa\\u5de5\\u7a0b\\u7684\\u4eae\\u9ede\\u4e4b\\u4e00\\uff0c\\u9664\\u4e86\\u80fd\\u4fdd\\u8b77\\u6c34\\u751f\\u751f\\u7269\\u4f86\\u5f80\\u4e0a\\u4e0b\\u6e38\\u901a\\u884c\\u4e0d\\u53d7\\u58e9\\u9ad4\\u963b\\u7919\\u4e4b\\u5916\\uff0c\\u66f4\\u5177\\u6709\\u666f\\u89c0\\u548c\\u74b0\\u5883\\u6559\\u80b2\\u529f\\u80fd\\u3002</p><p data-block-key=\\\"17cd4\\\">\\u8c4e\\u69fd\\u659c\\u9694\\u58c1\\u5f0f\\u9b5a\\u9053\\u662f\\u5c07\\u4e00\\u7cfb\\u5217\\u7684\\u659c\\u9694\\u677f\\u4ee5\\u4e00\\u5b9a\\u7684\\u9593\\u8ddd\\u5b89\\u88dd\\u5728\\u9b5a\\u9053\\u4e0a\\uff0c\\u9694\\u677f\\u53ef\\u8b93\\u6c34\\u6d41\\u5f62\\u6210\\u5c0f\\u6f29\\u6e26\\u4e26\\u6e1b\\u7de9\\u6d41\\u901f\\uff0c\\u540c\\u6642\\u5728\\u9b5a\\u9053\\u4e2d\\u5f62\\u6210\\u4e00\\u683c\\u4e00\\u683c\\u7684\\u6c34\\u6c60\\uff0c\\u4ee5\\u5229\\u5e95\\u68f2\\u6027\\u8207\\u6e38\\u6cf3\\u529b\\u8f03\\u4f4e\\u4e4b\\u9b5a\\u985e\\u4e0a\\u6eaf\\u6d04\\u6e38\\u3002\\u9b5a\\u9053\\u5167\\u6bcf\\u56fa\\u5b9a\\u8ddd\\u96e2\\u8a2d\\u7f6e\\u4f11\\u606f\\u6c60\\uff0c\\u7576\\u6c34\\u751f\\u751f\\u7269\\u5728\\u901a\\u904e\\u9b5a\\u9053\\u6642\\uff0c\\u5b83\\u5011\\u53ef\\u4ee5\\u5728\\u9019\\u4e9b\\u6c34\\u6c60\\u4e2d\\u66ab\\u6642\\u68f2\\u606f\\u3002\\u800c\\u659c\\u9694\\u58c1\\u7684\\u5f62\\u5f0f\\uff0c\\u8b93\\u901a\\u904e\\u9694\\u677f\\u4e0a\\u65b9\\u7684\\u6c34\\u6d41\\uff08\\u8d8a\\u6d41\\uff09\\u5f62\\u6210\\u6df1\\u6dfa\\u9ad8\\u4f4e\\u4e0d\\u540c\\u7684\\u6d41\\u901f\\uff0c\\u63d0\\u4f9b\\u591a\\u6a23\\u7684\\u6c34\\u6d41\\u74b0\\u5883\\u4ee5\\u4fbf\\u591a\\u7a2e\\u4e0a\\u6eaf\\u7684\\u9b5a\\u985e\\u5229\\u7528\\u3002\\u6b64\\u5916\\uff0c\\u5176\\u7d50\\u69cb\\u76f8\\u5c0d\\u7c21\\u55ae\\uff0c\\u4e14\\u80fd\\u5920\\u61c9\\u7528\\u5728\\u6c34\\u4f4d\\u8b8a\\u5316\\u8f03\\u5927\\u7684\\u5730\\u65b9\\uff0c\\u975e\\u5e38\\u9069\\u5408\\u4e0a\\u6e38\\u6703\\u6709\\u8abf\\u7bc0\\u6027\\u653e\\u6c34\\u7684\\u78a7\\u6f6d\\u5830\\u3002</p>\"}, \"id\": \"6a6960ed-17c5-43a6-95e9-8e7f37fdbf66\"}, {\"type\": \"demo\", \"value\": {\"iframe\": \"\", \"photo\": 7, \"topic\": \"\\u9b5a\\u9053\\u5165\\u53e3\", \"description\": \"<p data-block-key=\\\"e7xaa\\\">\\u5165\\u53e3\\u5229\\u7528\\u78a7\\u6f6d\\u5830\\u6392\\u6d2a\\u9053\\u7684\\u6c34\\u91cf\\u5438\\u5f15\\u9b5a\\u7fa4\\u9032\\u5165\\uff0c\\u4e26\\u4e14\\u5165\\u53e3\\u8655\\u8207\\u5830\\u9ad4\\u4e0b\\u6e38\\u6c34\\u57df\\u5728\\u540c\\u4e00\\u6c34\\u5e73\\u9762\\u4e0a\\uff0c\\u53ea\\u8981\\u6c34\\u6df1\\u8db3\\u5920\\u5404\\u7a2e\\u9b5a\\u985e\\u90fd\\u53ef\\u4ee5\\u9806\\u5229\\u9032\\u5165\\u9b5a\\u9053\\u3002</p>\"}, \"id\": \"efa4976b-e5e9-44c7-b4d6-0bb1e7093153\"}, {\"type\": \"demo\", \"value\": {\"iframe\": \"\", \"photo\": 8, \"topic\": \"\\u9b5a\\u9053\\u51fa\\u53e3\", \"description\": \"<p data-block-key=\\\"e7xaa\\\">\\u51fa\\u53e3\\u7684\\u7dad\\u4fee\\u9598\\u9580\\u53ca\\u6514\\u6c61\\u67f5\\u8a2d\\u8a08\\u53ef\\u4fdd\\u8b77\\u9b5a\\u9053\\u672c\\u9ad4\\uff0c\\u78ba\\u4fdd\\u9b5a\\u9053\\u7684\\u901a\\u66a2\\u53ca\\u7dad\\u4fee\\u4eba\\u54e1\\u7684\\u5b89\\u5168\\u3002\\u9b5a\\u9053\\u7684\\u51fa\\u53e3\\u4e5f\\u662f\\u76e3\\u6e2c\\u9b5a\\u985e\\u5229\\u7528\\u60c5\\u6cc1\\u548c\\u8a55\\u4f30\\u9b5a\\u9053\\u6210\\u6548\\u7684\\u95dc\\u9375\\u5340\\u57df\\uff0c\\u56e0\\u6b64\\u6c34\\u4e0b\\u651d\\u5f71\\u6a5f\\u4e5f\\u8a2d\\u7f6e\\u9019\\u9644\\u8fd1\\u3002</p>\"}, \"id\": \"ac92d15c-7699-4bdf-a6d3-d357d85bb094\"}]", "wagtail_admin_comments": []}, "approved_go_live_at": null}}, {"model": "wagtailcore.revision", "pk": 7, "fields": {"content_type": 6, "base_content_type": 1, "object_id": "6", "submitted_for_moderation": false, "created_at": "2023-07-30T03:11:49.258Z", "user": 1, "object_str": "聯絡資訊", "content": {"pk": 6, "path": "000100010003", "depth": 3, "numchild": 0, "translation_key": "f83cf3f1-da5d-4976-bfd2-eec30e6b0e80", "locale": 1, "latest_revision": null, "live": true, "has_unpublished_changes": false, "first_published_at": null, "last_published_at": null, "live_revision": null, "go_live_at": null, "expire_at": null, "expired": false, "locked": false, "locked_at": null, "locked_by": null, "title": "聯絡資訊", "draft_title": "聯絡資訊", "slug": "聯絡資訊", "content_type": 6, "url_path": "/碧潭堰魚道/聯絡資訊/", "owner": 1, "seo_title": "", "show_in_menus": false, "search_description": "", "latest_revision_created_at": null, "alias_of": null, "body": "[{\"type\": \"image\", \"value\": 1, \"id\": \"204fac45-8161-4507-81d5-9a26a40a8fea\"}, {\"type\": \"paragraph\", \"value\": \"<p data-block-key=\\\"fh19m\\\"><a href=\\\"https://www.facebook.com/?ref=logo\\\">Facebook</a></p><p data-block-key=\\\"al1k9\\\">30013 \\u65b0\\u7af9\\u5e02\\u6771\\u5340\\u5149\\u660e\\u91cc\\u5149\\u5fa9\\u8def\\u4e8c\\u6bb5101\\u865f</p><p data-block-key=\\\"e0rp8\\\"><a href=\\\"tel:+88600000000\\\">Tel : 00000000</a></p><p data-block-key=\\\"7avj6\\\"><a href=\\\"tel:+88600000000\\\">Fax: 00000000</a></p><p data-block-key=\\\"68upg\\\"><a href=\\\"mailto:aaaaaaaa123456789012@gmail.com\\\">Email: a123456789012@gmail.com</a></p>\", \"id\": \"793a2d1d-5523-4747-a6e6-b4b5f4cbf7a6\"}]", "wagtail_admin_comments": []}, "approved_go_live_at": null}}, {"model": "wagtailcore.revision", "pk": 8, "fields": {"content_type": 6, "base_content_type": 1, "object_id": "7", "submitted_for_moderation": false, "created_at": "2023-07-30T03:12:41.804Z", "user": 1, "object_str": "資料下載", "content": {"pk": 7, "path": "000100010004", "depth": 3, "numchild": 0, "translation_key": "f376552d-2714-488d-a0ec-c077acb95fc3", "locale": 1, "latest_revision": null, "live": true, "has_unpublished_changes": false, "first_published_at": null, "last_published_at": null, "live_revision": null, "go_live_at": null, "expire_at": null, "expired": false, "locked": false, "locked_at": null, "locked_by": null, "title": "資料下載", "draft_title": "資料下載", "slug": "資料下載", "content_type": 6, "url_path": "/碧潭堰魚道/資料下載/", "owner": 1, "seo_title": "", "show_in_menus": false, "search_description": "", "latest_revision_created_at": null, "alias_of": null, "body": "[{\"type\": \"dashboard\", \"value\": \"TableApp\", \"id\": \"576b92f9-40d6-4a85-9f55-ae4a07466b2e\"}]", "wagtail_admin_comments": []}, "approved_go_live_at": null}}, {"model": "wagtailcore.revision", "pk": 9, "fields": {"content_type": 6, "base_content_type": 1, "object_id": "8", "submitted_for_moderation": false, "created_at": "2023-07-30T03:13:16.918Z", "user": 1, "object_str": "統計圖表", "content": {"pk": 8, "path": "000100010005", "depth": 3, "numchild": 0, "translation_key": "3db765e5-e55a-4e1f-bc25-cc0c3b678cc5", "locale": 1, "latest_revision": null, "live": true, "has_unpublished_changes": false, "first_published_at": null, "last_published_at": null, "live_revision": null, "go_live_at": null, "expire_at": null, "expired": false, "locked": false, "locked_at": null, "locked_by": null, "title": "統計圖表", "draft_title": "統計圖表", "slug": "統計圖表", "content_type": 6, "url_path": "/碧潭堰魚道/統計圖表/", "owner": 1, "seo_title": "", "show_in_menus": false, "search_description": "", "latest_revision_created_at": null, "alias_of": null, "body": "[{\"type\": \"dashboard\", \"value\": \"PlotApp\", \"id\": \"3fb729fb-91c1-4dd7-bdff-ac77b1d2e6a5\"}]", "wagtail_admin_comments": []}, "approved_go_live_at": null}}, {"model": "wagtailcore.revision", "pk": 10, "fields": {"content_type": 6, "base_content_type": 1, "object_id": "9", "submitted_for_moderation": false, "created_at": "2023-07-30T03:13:46.162Z", "user": 1, "object_str": "碧潭堰生態", "content": {"pk": 9, "path": "000100010006", "depth": 3, "numchild": 0, "translation_key": "3cc58790-4111-4dd4-8a50-7d767634ac94", "locale": 1, "latest_revision": null, "live": true, "has_unpublished_changes": false, "first_published_at": null, "last_published_at": null, "live_revision": null, "go_live_at": null, "expire_at": null, "expired": false, "locked": false, "locked_at": null, "locked_by": null, "title": "碧潭堰生態", "draft_title": "碧潭堰生態", "slug": "碧潭堰生態", "content_type": 6, "url_path": "/碧潭堰魚道/碧潭堰生態/", "owner": 1, "seo_title": "", "show_in_menus": false, "search_description": "", "latest_revision_created_at": null, "alias_of": null, "body": "[]", "wagtail_admin_comments": []}, "approved_go_live_at": null}}, {"model": "wagtailcore.revision", "pk": 11, "fields": {"content_type": 6, "base_content_type": 1, "object_id": "3", "submitted_for_moderation": false, "created_at": "2023-07-30T05:12:11.977Z", "user": 1, "object_str": "碧潭堰魚道", "content": {"pk": 3, "path": "00010001", "depth": 2, "numchild": 6, "translation_key": "c5967964-9c3d-4065-99cf-c6993eb3c3d4", "locale": 1, "latest_revision": 2, "live": true, "has_unpublished_changes": false, "first_published_at": "2023-07-29T16:16:38.357Z", "last_published_at": "2023-07-29T16:16:38.357Z", "live_revision": 2, "go_live_at": null, "expire_at": null, "expired": false, "locked": false, "locked_at": null, "locked_by": null, "title": "碧潭堰魚道", "draft_title": "碧潭堰魚道", "slug": "home", "content_type": 6, "url_path": "/碧潭堰魚道/", "owner": 1, "seo_title": "", "show_in_menus": false, "search_description": "", "latest_revision_created_at": "2023-07-29T16:16:38.342Z", "alias_of": null, "body": "[{\"type\": \"demo\", \"value\": {\"iframe\": \"https://www.youtube.com/embed/7Qu8XckwKIY\", \"photo\": null, \"topic\": \"\\u78a7\\u6f6d\\u5830\\u9b5a\\u9053\\u5167\\u5373\\u6642\\u5f71\\u50cf(1)\", \"description\": \"<p data-block-key=\\\"a91cr\\\">\\u65b0\\u5e97\\u6eaa\\u4ee5\\u300c\\u6c34\\u5b89\\u5168\\u3001\\u6c34\\u6e05\\u6de8\\u3001\\u6c34\\u80b2\\u6a02\\u3001\\u6c34\\u751f\\u614b\\u3001\\u6c34\\u6587\\u5316\\u300d\\u6cb3\\u5eca\\u71df\\u9020\\u6210\\u679c\\uff0c\\u5df2\\u5c07\\u65b0\\u5e97\\u6eaa\\u6253\\u9020\\u6210\\u6c34\\u6f3e\\u535a\\u7269\\u9928\\u3002\\u78a7\\u6f6d\\u5830\\u6539\\u5584\\u66a8\\u5468\\u908a\\u74b0\\u5883\\u71df\\u9020\\u5de5\\u7a0b\\u7d50\\u5408\\u6c34\\u751f\\u614b\\u74b0\\u5883\\u6559\\u80b2\\u5efa\\u7f6e\\uff0c\\u65bc\\u9b5a\\u9053\\u4e2d\\u8a2d\\u7f6e\\u89c0\\u5bdf\\u7a97\\u53ca\\u76e3\\u6e2c\\u651d\\u5f71\\u7cfb\\u7d71\\uff0c\\u53ef24\\u5c0f\\u6642\\u5373\\u6642\\u89c0\\u5bdf\\u6c34\\u4e2d\\u751f\\u7269\\u3002</p>\"}, \"id\": \"35ac3521-2608-4e30-8594-153ca076e809\"}, {\"type\": \"demo\", \"value\": {\"iframe\": \"https://www.youtube.com/embed/f4mhIXp7rS0\", \"photo\": null, \"topic\": \"\\u78a7\\u6f6d\\u5830\\u9b5a\\u9053\\u5167\\u5373\\u6642\\u5f71\\u50cf(2)\", \"description\": \"<p data-block-key=\\\"a91cr\\\">\\u7b2c\\u4e8c\\u93e1\\u982d</p>\"}, \"id\": \"eb386805-098b-4a43-bc86-70fed0953d17\"}]", "wagtail_admin_comments": []}, "approved_go_live_at": null}}, {"model": "wagtailcore.revision", "pk": 12, "fields": {"content_type": 6, "base_content_type": 1, "object_id": "3", "submitted_for_moderation": false, "created_at": "2023-07-30T05:25:48.865Z", "user": 1, "object_str": "碧潭堰魚道", "content": {"pk": 3, "path": "00010001", "depth": 2, "numchild": 6, "translation_key": "c5967964-9c3d-4065-99cf-c6993eb3c3d4", "locale": 1, "latest_revision": 11, "live": true, "has_unpublished_changes": false, "first_published_at": "2023-07-29T16:16:38.357Z", "last_published_at": "2023-07-30T05:12:11.994Z", "live_revision": 11, "go_live_at": null, "expire_at": null, "expired": false, "locked": false, "locked_at": null, "locked_by": null, "title": "碧潭堰魚道", "draft_title": "碧潭堰魚道", "slug": "home", "content_type": 6, "url_path": "/home/", "owner": 1, "seo_title": "", "show_in_menus": false, "search_description": "", "latest_revision_created_at": "2023-07-30T05:12:11.977Z", "alias_of": null, "test_text": "afasdas", "body": "[{\"type\": \"demo\", \"value\": {\"iframe\": \"https://www.youtube.com/embed/7Qu8XckwKIY\", \"photo\": null, \"topic\": \"\\u78a7\\u6f6d\\u5830\\u9b5a\\u9053\\u5167\\u5373\\u6642\\u5f71\\u50cf(1)\", \"description\": \"<p data-block-key=\\\"a91cr\\\">\\u65b0\\u5e97\\u6eaa\\u4ee5\\u300c\\u6c34\\u5b89\\u5168\\u3001\\u6c34\\u6e05\\u6de8\\u3001\\u6c34\\u80b2\\u6a02\\u3001\\u6c34\\u751f\\u614b\\u3001\\u6c34\\u6587\\u5316\\u300d\\u6cb3\\u5eca\\u71df\\u9020\\u6210\\u679c\\uff0c\\u5df2\\u5c07\\u65b0\\u5e97\\u6eaa\\u6253\\u9020\\u6210\\u6c34\\u6f3e\\u535a\\u7269\\u9928\\u3002\\u78a7\\u6f6d\\u5830\\u6539\\u5584\\u66a8\\u5468\\u908a\\u74b0\\u5883\\u71df\\u9020\\u5de5\\u7a0b\\u7d50\\u5408\\u6c34\\u751f\\u614b\\u74b0\\u5883\\u6559\\u80b2\\u5efa\\u7f6e\\uff0c\\u65bc\\u9b5a\\u9053\\u4e2d\\u8a2d\\u7f6e\\u89c0\\u5bdf\\u7a97\\u53ca\\u76e3\\u6e2c\\u651d\\u5f71\\u7cfb\\u7d71\\uff0c\\u53ef24\\u5c0f\\u6642\\u5373\\u6642\\u89c0\\u5bdf\\u6c34\\u4e2d\\u751f\\u7269\\u3002</p>\"}, \"id\": \"35ac3521-2608-4e30-8594-153ca076e809\"}, {\"type\": \"demo\", \"value\": {\"iframe\": \"https://www.youtube.com/embed/f4mhIXp7rS0\", \"photo\": null, \"topic\": \"\\u78a7\\u6f6d\\u5830\\u9b5a\\u9053\\u5167\\u5373\\u6642\\u5f71\\u50cf(2)\", \"description\": \"<p data-block-key=\\\"a91cr\\\">\\u7b2c\\u4e8c\\u93e1\\u982d</p>\"}, \"id\": \"eb386805-098b-4a43-bc86-70fed0953d17\"}]", "wagtail_admin_comments": []}, "approved_go_live_at": null}}, {"model": "wagtailcore.revision", "pk": 13, "fields": {"content_type": 6, "base_content_type": 1, "object_id": "3", "submitted_for_moderation": false, "created_at": "2023-07-30T05:26:09.854Z", "user": 1, "object_str": "碧潭堰魚道", "content": {"pk": 3, "path": "00010001", "depth": 2, "numchild": 6, "translation_key": "c5967964-9c3d-4065-99cf-c6993eb3c3d4", "locale": 1, "latest_revision": 12, "live": true, "has_unpublished_changes": false, "first_published_at": "2023-07-29T16:16:38.357Z", "last_published_at": "2023-07-30T05:25:48.884Z", "live_revision": 12, "go_live_at": null, "expire_at": null, "expired": false, "locked": false, "locked_at": null, "locked_by": null, "title": "碧潭堰魚道", "draft_title": "碧潭堰魚道", "slug": "home", "content_type": 6, "url_path": "/home/", "owner": 1, "seo_title": "", "show_in_menus": false, "search_description": "", "latest_revision_created_at": "2023-07-30T05:25:48.865Z", "alias_of": null, "test_text": "", "body": "[{\"type\": \"demo\", \"value\": {\"iframe\": \"https://www.youtube.com/embed/7Qu8XckwKIY\", \"photo\": null, \"topic\": \"\\u78a7\\u6f6d\\u5830\\u9b5a\\u9053\\u5167\\u5373\\u6642\\u5f71\\u50cf(1)\", \"description\": \"<p data-block-key=\\\"a91cr\\\">\\u65b0\\u5e97\\u6eaa\\u4ee5\\u300c\\u6c34\\u5b89\\u5168\\u3001\\u6c34\\u6e05\\u6de8\\u3001\\u6c34\\u80b2\\u6a02\\u3001\\u6c34\\u751f\\u614b\\u3001\\u6c34\\u6587\\u5316\\u300d\\u6cb3\\u5eca\\u71df\\u9020\\u6210\\u679c\\uff0c\\u5df2\\u5c07\\u65b0\\u5e97\\u6eaa\\u6253\\u9020\\u6210\\u6c34\\u6f3e\\u535a\\u7269\\u9928\\u3002\\u78a7\\u6f6d\\u5830\\u6539\\u5584\\u66a8\\u5468\\u908a\\u74b0\\u5883\\u71df\\u9020\\u5de5\\u7a0b\\u7d50\\u5408\\u6c34\\u751f\\u614b\\u74b0\\u5883\\u6559\\u80b2\\u5efa\\u7f6e\\uff0c\\u65bc\\u9b5a\\u9053\\u4e2d\\u8a2d\\u7f6e\\u89c0\\u5bdf\\u7a97\\u53ca\\u76e3\\u6e2c\\u651d\\u5f71\\u7cfb\\u7d71\\uff0c\\u53ef24\\u5c0f\\u6642\\u5373\\u6642\\u89c0\\u5bdf\\u6c34\\u4e2d\\u751f\\u7269\\u3002</p>\"}, \"id\": \"35ac3521-2608-4e30-8594-153ca076e809\"}, {\"type\": \"demo\", \"value\": {\"iframe\": \"https://www.youtube.com/embed/f4mhIXp7rS0\", \"photo\": null, \"topic\": \"\\u78a7\\u6f6d\\u5830\\u9b5a\\u9053\\u5167\\u5373\\u6642\\u5f71\\u50cf(2)\", \"description\": \"<p data-block-key=\\\"a91cr\\\">\\u7b2c\\u4e8c\\u93e1\\u982d</p>\"}, \"id\": \"eb386805-098b-4a43-bc86-70fed0953d17\"}]", "wagtail_admin_comments": []}, "approved_go_live_at": null}}, {"model": "wagtailcore.grouppagepermission", "pk": 1, "fields": {"group": 1, "page": 1, "permission_type": "add"}}, {"model": "wagtailcore.grouppagepermission", "pk": 2, "fields": {"group": 1, "page": 1, "permission_type": "edit"}}, {"model": "wagtailcore.grouppagepermission", "pk": 3, "fields": {"group": 1, "page": 1, "permission_type": "publish"}}, {"model": "wagtailcore.grouppagepermission", "pk": 4, "fields": {"group": 2, "page": 1, "permission_type": "add"}}, {"model": "wagtailcore.grouppagepermission", "pk": 5, "fields": {"group": 2, "page": 1, "permission_type": "edit"}}, {"model": "wagtailcore.grouppagepermission", "pk": 6, "fields": {"group": 1, "page": 1, "permission_type": "lock"}}, {"model": "wagtailcore.grouppagepermission", "pk": 7, "fields": {"group": 1, "page": 1, "permission_type": "unlock"}}, {"model": "wagtailcore.workflowpage", "pk": 1, "fields": {"workflow": 1}}, {"model": "wagtailcore.workflowtask", "pk": 1, "fields": {"sort_order": 0, "workflow": 1, "task": 1}}, {"model": "wagtailcore.task", "pk": 1, "fields": {"name": "Moderators approval", "content_type": 2, "active": true}}, {"model": "wagtailcore.workflow", "pk": 1, "fields": {"name": "Moderators approval", "active": true}}, {"model": "wagtailcore.groupapprovaltask", "pk": 1, "fields": {"groups": [1]}}, {"model": "wagtailcore.pagelogentry", "pk": 1, "fields": {"content_type": 1, "label": "Welcome to your new Wagtail site!", "action": "wagtail.delete", "data": {}, "timestamp": "2023-07-29T16:15:27.547Z", "uuid": "21f930b7-fa24-480a-84de-5d9c9b7a9c89", "user": 1, "revision": null, "content_changed": false, "deleted": true, "page": 2}}, {"model": "wagtailcore.pagelogentry", "pk": 2, "fields": {"content_type": 6, "label": "碧潭堰魚道", "action": "wagtail.create", "data": {}, "timestamp": "2023-07-29T16:16:27.113Z", "uuid": "67116fee-2942-4343-84f8-2e8a19a12b17", "user": 1, "revision": null, "content_changed": true, "deleted": false, "page": 3}}, {"model": "wagtailcore.pagelogentry", "pk": 3, "fields": {"content_type": 6, "label": "碧潭堰魚道", "action": "wagtail.edit", "data": {}, "timestamp": "2023-07-29T16:16:27.133Z", "uuid": "67116fee-2942-4343-84f8-2e8a19a12b17", "user": 1, "revision": 1, "content_changed": true, "deleted": false, "page": 3}}, {"model": "wagtailcore.pagelogentry", "pk": 4, "fields": {"content_type": 6, "label": "碧潭堰魚道", "action": "wagtail.edit", "data": {}, "timestamp": "2023-07-29T16:16:38.350Z", "uuid": "9b1ab33e-6de6-4838-a677-f3852a7e0458", "user": 1, "revision": 2, "content_changed": true, "deleted": false, "page": 3}}, {"model": "wagtailcore.pagelogentry", "pk": 5, "fields": {"content_type": 6, "label": "碧潭堰魚道", "action": "wagtail.publish", "data": {}, "timestamp": "2023-07-29T16:16:38.371Z", "uuid": "9b1ab33e-6de6-4838-a677-f3852a7e0458", "user": 1, "revision": 2, "content_changed": false, "deleted": false, "page": 3}}, {"model": "wagtailcore.pagelogentry", "pk": 6, "fields": {"content_type": 6, "label": "碧潭堰介紹", "action": "wagtail.create", "data": {}, "timestamp": "2023-07-30T03:01:25.244Z", "uuid": "4cf716e8-ed6b-41a7-b0da-c0af983f8780", "user": 1, "revision": null, "content_changed": true, "deleted": false, "page": 4}}, {"model": "wagtailcore.pagelogentry", "pk": 7, "fields": {"content_type": 6, "label": "碧潭堰介紹", "action": "wagtail.edit", "data": {}, "timestamp": "2023-07-30T03:01:25.261Z", "uuid": "4cf716e8-ed6b-41a7-b0da-c0af983f8780", "user": 1, "revision": 3, "content_changed": true, "deleted": false, "page": 4}}, {"model": "wagtailcore.pagelogentry", "pk": 8, "fields": {"content_type": 6, "label": "碧潭堰介紹", "action": "wagtail.edit", "data": {}, "timestamp": "2023-07-30T03:06:56.142Z", "uuid": "6424a4a6-8569-4bfd-833e-42a9a28885cb", "user": 1, "revision": 4, "content_changed": true, "deleted": false, "page": 4}}, {"model": "wagtailcore.pagelogentry", "pk": 9, "fields": {"content_type": 6, "label": "碧潭堰介紹", "action": "wagtail.edit", "data": {}, "timestamp": "2023-07-30T03:07:21.322Z", "uuid": "705c8789-ae1f-41a5-a782-ca5222ca16e5", "user": 1, "revision": 5, "content_changed": true, "deleted": false, "page": 4}}, {"model": "wagtailcore.pagelogentry", "pk": 10, "fields": {"content_type": 6, "label": "碧潭堰介紹", "action": "wagtail.publish", "data": {}, "timestamp": "2023-07-30T03:07:21.349Z", "uuid": "705c8789-ae1f-41a5-a782-ca5222ca16e5", "user": 1, "revision": 5, "content_changed": false, "deleted": false, "page": 4}}, {"model": "wagtailcore.pagelogentry", "pk": 11, "fields": {"content_type": 6, "label": "魚道設計", "action": "wagtail.create", "data": {}, "timestamp": "2023-07-30T03:10:10.734Z", "uuid": "79f2ee7c-10da-4147-8f5d-ba0b8b3fa679", "user": 1, "revision": null, "content_changed": true, "deleted": false, "page": 5}}, {"model": "wagtailcore.pagelogentry", "pk": 12, "fields": {"content_type": 6, "label": "魚道設計", "action": "wagtail.edit", "data": {}, "timestamp": "2023-07-30T03:10:10.751Z", "uuid": "79f2ee7c-10da-4147-8f5d-ba0b8b3fa679", "user": 1, "revision": 6, "content_changed": true, "deleted": false, "page": 5}}, {"model": "wagtailcore.pagelogentry", "pk": 13, "fields": {"content_type": 6, "label": "魚道設計", "action": "wagtail.publish", "data": {}, "timestamp": "2023-07-30T03:10:10.778Z", "uuid": "79f2ee7c-10da-4147-8f5d-ba0b8b3fa679", "user": 1, "revision": 6, "content_changed": true, "deleted": false, "page": 5}}, {"model": "wagtailcore.pagelogentry", "pk": 14, "fields": {"content_type": 6, "label": "聯絡資訊", "action": "wagtail.create", "data": {}, "timestamp": "2023-07-30T03:11:49.251Z", "uuid": "42b9b4c7-a81d-4097-b311-e2687c672298", "user": 1, "revision": null, "content_changed": true, "deleted": false, "page": 6}}, {"model": "wagtailcore.pagelogentry", "pk": 15, "fields": {"content_type": 6, "label": "聯絡資訊", "action": "wagtail.edit", "data": {}, "timestamp": "2023-07-30T03:11:49.267Z", "uuid": "42b9b4c7-a81d-4097-b311-e2687c672298", "user": 1, "revision": 7, "content_changed": true, "deleted": false, "page": 6}}, {"model": "wagtailcore.pagelogentry", "pk": 16, "fields": {"content_type": 6, "label": "聯絡資訊", "action": "wagtail.publish", "data": {}, "timestamp": "2023-07-30T03:11:49.296Z", "uuid": "42b9b4c7-a81d-4097-b311-e2687c672298", "user": 1, "revision": 7, "content_changed": true, "deleted": false, "page": 6}}, {"model": "wagtailcore.pagelogentry", "pk": 17, "fields": {"content_type": 6, "label": "資料下載", "action": "wagtail.create", "data": {}, "timestamp": "2023-07-30T03:12:41.798Z", "uuid": "237553c5-c5e4-47de-8b72-56caff4c068e", "user": 1, "revision": null, "content_changed": true, "deleted": false, "page": 7}}, {"model": "wagtailcore.pagelogentry", "pk": 18, "fields": {"content_type": 6, "label": "資料下載", "action": "wagtail.edit", "data": {}, "timestamp": "2023-07-30T03:12:41.812Z", "uuid": "237553c5-c5e4-47de-8b72-56caff4c068e", "user": 1, "revision": 8, "content_changed": true, "deleted": false, "page": 7}}, {"model": "wagtailcore.pagelogentry", "pk": 19, "fields": {"content_type": 6, "label": "資料下載", "action": "wagtail.publish", "data": {}, "timestamp": "2023-07-30T03:12:41.837Z", "uuid": "237553c5-c5e4-47de-8b72-56caff4c068e", "user": 1, "revision": 8, "content_changed": true, "deleted": false, "page": 7}}, {"model": "wagtailcore.pagelogentry", "pk": 20, "fields": {"content_type": 6, "label": "統計圖表", "action": "wagtail.create", "data": {}, "timestamp": "2023-07-30T03:13:16.912Z", "uuid": "b1b2cd2b-7d9b-4baf-b730-536ed09a0364", "user": 1, "revision": null, "content_changed": true, "deleted": false, "page": 8}}, {"model": "wagtailcore.pagelogentry", "pk": 21, "fields": {"content_type": 6, "label": "統計圖表", "action": "wagtail.edit", "data": {}, "timestamp": "2023-07-30T03:13:16.928Z", "uuid": "b1b2cd2b-7d9b-4baf-b730-536ed09a0364", "user": 1, "revision": 9, "content_changed": true, "deleted": false, "page": 8}}, {"model": "wagtailcore.pagelogentry", "pk": 22, "fields": {"content_type": 6, "label": "統計圖表", "action": "wagtail.publish", "data": {}, "timestamp": "2023-07-30T03:13:16.959Z", "uuid": "b1b2cd2b-7d9b-4baf-b730-536ed09a0364", "user": 1, "revision": 9, "content_changed": true, "deleted": false, "page": 8}}, {"model": "wagtailcore.pagelogentry", "pk": 23, "fields": {"content_type": 6, "label": "碧潭堰生態", "action": "wagtail.create", "data": {}, "timestamp": "2023-07-30T03:13:46.156Z", "uuid": "93de105c-22ce-4d15-b652-d93370a48302", "user": 1, "revision": null, "content_changed": true, "deleted": false, "page": 9}}, {"model": "wagtailcore.pagelogentry", "pk": 24, "fields": {"content_type": 6, "label": "碧潭堰生態", "action": "wagtail.edit", "data": {}, "timestamp": "2023-07-30T03:13:46.173Z", "uuid": "93de105c-22ce-4d15-b652-d93370a48302", "user": 1, "revision": 10, "content_changed": true, "deleted": false, "page": 9}}, {"model": "wagtailcore.pagelogentry", "pk": 25, "fields": {"content_type": 6, "label": "碧潭堰生態", "action": "wagtail.publish", "data": {}, "timestamp": "2023-07-30T03:13:46.201Z", "uuid": "93de105c-22ce-4d15-b652-d93370a48302", "user": 1, "revision": 10, "content_changed": true, "deleted": false, "page": 9}}, {"model": "wagtailcore.pagelogentry", "pk": 26, "fields": {"content_type": 6, "label": "碧潭堰魚道", "action": "wagtail.edit", "data": {}, "timestamp": "2023-07-30T05:12:11.986Z", "uuid": "f95a2667-c1c7-4575-9205-1ee086397058", "user": 1, "revision": 11, "content_changed": true, "deleted": false, "page": 3}}, {"model": "wagtailcore.pagelogentry", "pk": 27, "fields": {"content_type": 6, "label": "碧潭堰魚道", "action": "wagtail.publish", "data": {}, "timestamp": "2023-07-30T05:12:12.009Z", "uuid": "f95a2667-c1c7-4575-9205-1ee086397058", "user": 1, "revision": 11, "content_changed": true, "deleted": false, "page": 3}}, {"model": "wagtailcore.pagelogentry", "pk": 28, "fields": {"content_type": 6, "label": "碧潭堰魚道", "action": "wagtail.edit", "data": {}, "timestamp": "2023-07-30T05:25:48.876Z", "uuid": "a36e880a-770a-4bac-a01e-5d56c8ebbf8e", "user": 1, "revision": 12, "content_changed": true, "deleted": false, "page": 3}}, {"model": "wagtailcore.pagelogentry", "pk": 29, "fields": {"content_type": 6, "label": "碧潭堰魚道", "action": "wagtail.publish", "data": {}, "timestamp": "2023-07-30T05:25:48.897Z", "uuid": "a36e880a-770a-4bac-a01e-5d56c8ebbf8e", "user": 1, "revision": 12, "content_changed": true, "deleted": false, "page": 3}}, {"model": "wagtailcore.pagelogentry", "pk": 30, "fields": {"content_type": 6, "label": "碧潭堰魚道", "action": "wagtail.edit", "data": {}, "timestamp": "2023-07-30T05:26:09.864Z", "uuid": "b3510ee7-6f31-440c-8c37-e28a64b7ca2f", "user": 1, "revision": 13, "content_changed": true, "deleted": false, "page": 3}}, {"model": "wagtailcore.pagelogentry", "pk": 31, "fields": {"content_type": 6, "label": "碧潭堰魚道", "action": "wagtail.publish", "data": {}, "timestamp": "2023-07-30T05:26:09.890Z", "uuid": "b3510ee7-6f31-440c-8c37-e28a64b7ca2f", "user": 1, "revision": 13, "content_changed": true, "deleted": false, "page": 3}}, {"model": "wagtailcore.pagesubscription", "pk": 1, "fields": {"user": 1, "page": 3, "comment_notifications": true}}, {"model": "wagtailcore.pagesubscription", "pk": 2, "fields": {"user": 1, "page": 4, "comment_notifications": true}}, {"model": "wagtailcore.pagesubscription", "pk": 3, "fields": {"user": 1, "page": 5, "comment_notifications": true}}, {"model": "wagtailcore.pagesubscription", "pk": 4, "fields": {"user": 1, "page": 6, "comment_notifications": true}}, {"model": "wagtailcore.pagesubscription", "pk": 5, "fields": {"user": 1, "page": 7, "comment_notifications": true}}, {"model": "wagtailcore.pagesubscription", "pk": 6, "fields": {"user": 1, "page": 8, "comment_notifications": true}}, {"model": "wagtailcore.pagesubscription", "pk": 7, "fields": {"user": 1, "page": 9, "comment_notifications": true}}, {"model": "auth.permission", "pk": 1, "fields": {"name": "Can access Wagtail admin", "content_type": 3, "codename": "access_admin"}}, {"model": "auth.permission", "pk": 2, "fields": {"name": "Can add document", "content_type": 4, "codename": "add_document"}}, {"model": "auth.permission", "pk": 3, "fields": {"name": "Can change document", "content_type": 4, "codename": "change_document"}}, {"model": "auth.permission", "pk": 4, "fields": {"name": "Can delete document", "content_type": 4, "codename": "delete_document"}}, {"model": "auth.permission", "pk": 5, "fields": {"name": "Can choose document", "content_type": 4, "codename": "choose_document"}}, {"model": "auth.permission", "pk": 6, "fields": {"name": "Can add image", "content_type": 5, "codename": "add_image"}}, {"model": "auth.permission", "pk": 7, "fields": {"name": "Can change image", "content_type": 5, "codename": "change_image"}}, {"model": "auth.permission", "pk": 8, "fields": {"name": "Can delete image", "content_type": 5, "codename": "delete_image"}}, {"model": "auth.permission", "pk": 9, "fields": {"name": "Can choose image", "content_type": 5, "codename": "choose_image"}}, {"model": "auth.permission", "pk": 10, "fields": {"name": "Can add common page", "content_type": 6, "codename": "add_commonpage"}}, {"model": "auth.permission", "pk": 11, "fields": {"name": "Can change common page", "content_type": 6, "codename": "change_commonpage"}}, {"model": "auth.permission", "pk": 12, "fields": {"name": "Can delete common page", "content_type": 6, "codename": "delete_commonpage"}}, {"model": "auth.permission", "pk": 13, "fields": {"name": "Can view common page", "content_type": 6, "codename": "view_commonpage"}}, {"model": "auth.permission", "pk": 14, "fields": {"name": "Can add menu", "content_type": 7, "codename": "add_menu"}}, {"model": "auth.permission", "pk": 15, "fields": {"name": "Can change menu", "content_type": 7, "codename": "change_menu"}}, {"model": "auth.permission", "pk": 16, "fields": {"name": "Can delete menu", "content_type": 7, "codename": "delete_menu"}}, {"model": "auth.permission", "pk": 17, "fields": {"name": "Can view menu", "content_type": 7, "codename": "view_menu"}}, {"model": "auth.permission", "pk": 18, "fields": {"name": "Can add menu item", "content_type": 8, "codename": "add_menuitem"}}, {"model": "auth.permission", "pk": 19, "fields": {"name": "Can change menu item", "content_type": 8, "codename": "change_menuitem"}}, {"model": "auth.permission", "pk": 20, "fields": {"name": "Can delete menu item", "content_type": 8, "codename": "delete_menuitem"}}, {"model": "auth.permission", "pk": 21, "fields": {"name": "Can view menu item", "content_type": 8, "codename": "view_menuitem"}}, {"model": "auth.permission", "pk": 22, "fields": {"name": "Can add 監視器資訊", "content_type": 9, "codename": "add_camerainfo"}}, {"model": "auth.permission", "pk": 23, "fields": {"name": "Can change 監視器資訊", "content_type": 9, "codename": "change_camerainfo"}}, {"model": "auth.permission", "pk": 24, "fields": {"name": "Can delete 監視器資訊", "content_type": 9, "codename": "delete_camerainfo"}}, {"model": "auth.permission", "pk": 25, "fields": {"name": "Can view 監視器資訊", "content_type": 9, "codename": "view_camerainfo"}}, {"model": "auth.permission", "pk": 26, "fields": {"name": "Can add 模型資訊", "content_type": 10, "codename": "add_detectionmodelinfo"}}, {"model": "auth.permission", "pk": 27, "fields": {"name": "Can change 模型資訊", "content_type": 10, "codename": "change_detectionmodelinfo"}}, {"model": "auth.permission", "pk": 28, "fields": {"name": "Can delete 模型資訊", "content_type": 10, "codename": "delete_detectionmodelinfo"}}, {"model": "auth.permission", "pk": 29, "fields": {"name": "Can view 模型資訊", "content_type": 10, "codename": "view_detectionmodelinfo"}}, {"model": "auth.permission", "pk": 30, "fields": {"name": "Can add 魚類分析", "content_type": 11, "codename": "add_fishanalysis"}}, {"model": "auth.permission", "pk": 31, "fields": {"name": "Can change 魚類分析", "content_type": 11, "codename": "change_fishanalysis"}}, {"model": "auth.permission", "pk": 32, "fields": {"name": "Can delete 魚類分析", "content_type": 11, "codename": "delete_fishanalysis"}}, {"model": "auth.permission", "pk": 33, "fields": {"name": "Can view 魚類分析", "content_type": 11, "codename": "view_fishanalysis"}}, {"model": "auth.permission", "pk": 34, "fields": {"name": "Can add 目標魚種", "content_type": 12, "codename": "add_targetfishspecies"}}, {"model": "auth.permission", "pk": 35, "fields": {"name": "Can change 目標魚種", "content_type": 12, "codename": "change_targetfishspecies"}}, {"model": "auth.permission", "pk": 36, "fields": {"name": "Can delete 目標魚種", "content_type": 12, "codename": "delete_targetfishspecies"}}, {"model": "auth.permission", "pk": 37, "fields": {"name": "Can view 目標魚種", "content_type": 12, "codename": "view_targetfishspecies"}}, {"model": "auth.permission", "pk": 38, "fields": {"name": "Can add 魚類偵測", "content_type": 13, "codename": "add_fishdetection"}}, {"model": "auth.permission", "pk": 39, "fields": {"name": "Can change 魚類偵測", "content_type": 13, "codename": "change_fishdetection"}}, {"model": "auth.permission", "pk": 40, "fields": {"name": "Can delete 魚類偵測", "content_type": 13, "codename": "delete_fishdetection"}}, {"model": "auth.permission", "pk": 41, "fields": {"name": "Can view 魚類偵測", "content_type": 13, "codename": "view_fishdetection"}}, {"model": "auth.permission", "pk": 42, "fields": {"name": "Can add 魚類通過數細節", "content_type": 14, "codename": "add_fishcountdetail"}}, {"model": "auth.permission", "pk": 43, "fields": {"name": "Can change 魚類通過數細節", "content_type": 14, "codename": "change_fishcountdetail"}}, {"model": "auth.permission", "pk": 44, "fields": {"name": "Can delete 魚類通過數細節", "content_type": 14, "codename": "delete_fishcountdetail"}}, {"model": "auth.permission", "pk": 45, "fields": {"name": "Can view 魚類通過數細節", "content_type": 14, "codename": "view_fishcountdetail"}}, {"model": "auth.permission", "pk": 46, "fields": {"name": "Can add 魚類通過數", "content_type": 15, "codename": "add_fishcount"}}, {"model": "auth.permission", "pk": 47, "fields": {"name": "Can change 魚類通過數", "content_type": 15, "codename": "change_fishcount"}}, {"model": "auth.permission", "pk": 48, "fields": {"name": "Can delete 魚類通過數", "content_type": 15, "codename": "delete_fishcount"}}, {"model": "auth.permission", "pk": 49, "fields": {"name": "Can view 魚類通過數", "content_type": 15, "codename": "view_fishcount"}}, {"model": "auth.permission", "pk": 50, "fields": {"name": "Can add form submission", "content_type": 16, "codename": "add_formsubmission"}}, {"model": "auth.permission", "pk": 51, "fields": {"name": "Can change form submission", "content_type": 16, "codename": "change_formsubmission"}}, {"model": "auth.permission", "pk": 52, "fields": {"name": "Can delete form submission", "content_type": 16, "codename": "delete_formsubmission"}}, {"model": "auth.permission", "pk": 53, "fields": {"name": "Can view form submission", "content_type": 16, "codename": "view_formsubmission"}}, {"model": "auth.permission", "pk": 54, "fields": {"name": "Can add redirect", "content_type": 17, "codename": "add_redirect"}}, {"model": "auth.permission", "pk": 55, "fields": {"name": "Can change redirect", "content_type": 17, "codename": "change_redirect"}}, {"model": "auth.permission", "pk": 56, "fields": {"name": "Can delete redirect", "content_type": 17, "codename": "delete_redirect"}}, {"model": "auth.permission", "pk": 57, "fields": {"name": "Can view redirect", "content_type": 17, "codename": "view_redirect"}}, {"model": "auth.permission", "pk": 58, "fields": {"name": "Can add embed", "content_type": 18, "codename": "add_embed"}}, {"model": "auth.permission", "pk": 59, "fields": {"name": "Can change embed", "content_type": 18, "codename": "change_embed"}}, {"model": "auth.permission", "pk": 60, "fields": {"name": "Can delete embed", "content_type": 18, "codename": "delete_embed"}}, {"model": "auth.permission", "pk": 61, "fields": {"name": "Can view embed", "content_type": 18, "codename": "view_embed"}}, {"model": "auth.permission", "pk": 62, "fields": {"name": "Can add user profile", "content_type": 19, "codename": "add_userprofile"}}, {"model": "auth.permission", "pk": 63, "fields": {"name": "Can change user profile", "content_type": 19, "codename": "change_userprofile"}}, {"model": "auth.permission", "pk": 64, "fields": {"name": "Can delete user profile", "content_type": 19, "codename": "delete_userprofile"}}, {"model": "auth.permission", "pk": 65, "fields": {"name": "Can view user profile", "content_type": 19, "codename": "view_userprofile"}}, {"model": "auth.permission", "pk": 66, "fields": {"name": "Can view document", "content_type": 4, "codename": "view_document"}}, {"model": "auth.permission", "pk": 67, "fields": {"name": "Can add uploaded document", "content_type": 20, "codename": "add_uploadeddocument"}}, {"model": "auth.permission", "pk": 68, "fields": {"name": "Can change uploaded document", "content_type": 20, "codename": "change_uploadeddocument"}}, {"model": "auth.permission", "pk": 69, "fields": {"name": "Can delete uploaded document", "content_type": 20, "codename": "delete_uploadeddocument"}}, {"model": "auth.permission", "pk": 70, "fields": {"name": "Can view uploaded document", "content_type": 20, "codename": "view_uploadeddocument"}}, {"model": "auth.permission", "pk": 71, "fields": {"name": "Can view image", "content_type": 5, "codename": "view_image"}}, {"model": "auth.permission", "pk": 72, "fields": {"name": "Can add rendition", "content_type": 21, "codename": "add_rendition"}}, {"model": "auth.permission", "pk": 73, "fields": {"name": "Can change rendition", "content_type": 21, "codename": "change_rendition"}}, {"model": "auth.permission", "pk": 74, "fields": {"name": "Can delete rendition", "content_type": 21, "codename": "delete_rendition"}}, {"model": "auth.permission", "pk": 75, "fields": {"name": "Can view rendition", "content_type": 21, "codename": "view_rendition"}}, {"model": "auth.permission", "pk": 76, "fields": {"name": "Can add uploaded image", "content_type": 22, "codename": "add_uploadedimage"}}, {"model": "auth.permission", "pk": 77, "fields": {"name": "Can change uploaded image", "content_type": 22, "codename": "change_uploadedimage"}}, {"model": "auth.permission", "pk": 78, "fields": {"name": "Can delete uploaded image", "content_type": 22, "codename": "delete_uploadedimage"}}, {"model": "auth.permission", "pk": 79, "fields": {"name": "Can view uploaded image", "content_type": 22, "codename": "view_uploadedimage"}}, {"model": "auth.permission", "pk": 80, "fields": {"name": "Can add query", "content_type": 23, "codename": "add_query"}}, {"model": "auth.permission", "pk": 81, "fields": {"name": "Can change query", "content_type": 23, "codename": "change_query"}}, {"model": "auth.permission", "pk": 82, "fields": {"name": "Can delete query", "content_type": 23, "codename": "delete_query"}}, {"model": "auth.permission", "pk": 83, "fields": {"name": "Can view query", "content_type": 23, "codename": "view_query"}}, {"model": "auth.permission", "pk": 84, "fields": {"name": "Can add Query Daily Hits", "content_type": 24, "codename": "add_querydailyhits"}}, {"model": "auth.permission", "pk": 85, "fields": {"name": "Can change Query Daily Hits", "content_type": 24, "codename": "change_querydailyhits"}}, {"model": "auth.permission", "pk": 86, "fields": {"name": "Can delete Query Daily Hits", "content_type": 24, "codename": "delete_querydailyhits"}}, {"model": "auth.permission", "pk": 87, "fields": {"name": "Can view Query Daily Hits", "content_type": 24, "codename": "view_querydailyhits"}}, {"model": "auth.permission", "pk": 88, "fields": {"name": "Can add index entry", "content_type": 25, "codename": "add_indexentry"}}, {"model": "auth.permission", "pk": 89, "fields": {"name": "Can change index entry", "content_type": 25, "codename": "change_indexentry"}}, {"model": "auth.permission", "pk": 90, "fields": {"name": "Can delete index entry", "content_type": 25, "codename": "delete_indexentry"}}, {"model": "auth.permission", "pk": 91, "fields": {"name": "Can view index entry", "content_type": 25, "codename": "view_indexentry"}}, {"model": "auth.permission", "pk": 92, "fields": {"name": "Can add sqliteftsindexentry", "content_type": 26, "codename": "add_sqliteftsindexentry"}}, {"model": "auth.permission", "pk": 93, "fields": {"name": "Can change sqliteftsindexentry", "content_type": 26, "codename": "change_sqliteftsindexentry"}}, {"model": "auth.permission", "pk": 94, "fields": {"name": "Can delete sqliteftsindexentry", "content_type": 26, "codename": "delete_sqliteftsindexentry"}}, {"model": "auth.permission", "pk": 95, "fields": {"name": "Can view sqliteftsindexentry", "content_type": 26, "codename": "view_sqliteftsindexentry"}}, {"model": "auth.permission", "pk": 96, "fields": {"name": "Can add page", "content_type": 1, "codename": "add_page"}}, {"model": "auth.permission", "pk": 97, "fields": {"name": "Can change page", "content_type": 1, "codename": "change_page"}}, {"model": "auth.permission", "pk": 98, "fields": {"name": "Can delete page", "content_type": 1, "codename": "delete_page"}}, {"model": "auth.permission", "pk": 99, "fields": {"name": "Can view page", "content_type": 1, "codename": "view_page"}}, {"model": "auth.permission", "pk": 100, "fields": {"name": "Can add group page permission", "content_type": 27, "codename": "add_grouppagepermission"}}, {"model": "auth.permission", "pk": 101, "fields": {"name": "Can change group page permission", "content_type": 27, "codename": "change_grouppagepermission"}}, {"model": "auth.permission", "pk": 102, "fields": {"name": "Can delete group page permission", "content_type": 27, "codename": "delete_grouppagepermission"}}, {"model": "auth.permission", "pk": 103, "fields": {"name": "Can view group page permission", "content_type": 27, "codename": "view_grouppagepermission"}}, {"model": "auth.permission", "pk": 104, "fields": {"name": "Can add page view restriction", "content_type": 28, "codename": "add_pageviewrestriction"}}, {"model": "auth.permission", "pk": 105, "fields": {"name": "Can change page view restriction", "content_type": 28, "codename": "change_pageviewrestriction"}}, {"model": "auth.permission", "pk": 106, "fields": {"name": "Can delete page view restriction", "content_type": 28, "codename": "delete_pageviewrestriction"}}, {"model": "auth.permission", "pk": 107, "fields": {"name": "Can view page view restriction", "content_type": 28, "codename": "view_pageviewrestriction"}}, {"model": "auth.permission", "pk": 108, "fields": {"name": "Can add site", "content_type": 29, "codename": "add_site"}}, {"model": "auth.permission", "pk": 109, "fields": {"name": "Can change site", "content_type": 29, "codename": "change_site"}}, {"model": "auth.permission", "pk": 110, "fields": {"name": "Can delete site", "content_type": 29, "codename": "delete_site"}}, {"model": "auth.permission", "pk": 111, "fields": {"name": "Can view site", "content_type": 29, "codename": "view_site"}}, {"model": "auth.permission", "pk": 112, "fields": {"name": "Can add collection", "content_type": 30, "codename": "add_collection"}}, {"model": "auth.permission", "pk": 113, "fields": {"name": "Can change collection", "content_type": 30, "codename": "change_collection"}}, {"model": "auth.permission", "pk": 114, "fields": {"name": "Can delete collection", "content_type": 30, "codename": "delete_collection"}}, {"model": "auth.permission", "pk": 115, "fields": {"name": "Can view collection", "content_type": 30, "codename": "view_collection"}}, {"model": "auth.permission", "pk": 116, "fields": {"name": "Can add group collection permission", "content_type": 31, "codename": "add_groupcollectionpermission"}}, {"model": "auth.permission", "pk": 117, "fields": {"name": "Can change group collection permission", "content_type": 31, "codename": "change_groupcollectionpermission"}}, {"model": "auth.permission", "pk": 118, "fields": {"name": "Can delete group collection permission", "content_type": 31, "codename": "delete_groupcollectionpermission"}}, {"model": "auth.permission", "pk": 119, "fields": {"name": "Can view group collection permission", "content_type": 31, "codename": "view_groupcollectionpermission"}}, {"model": "auth.permission", "pk": 120, "fields": {"name": "Can add collection view restriction", "content_type": 32, "codename": "add_collectionviewrestriction"}}, {"model": "auth.permission", "pk": 121, "fields": {"name": "Can change collection view restriction", "content_type": 32, "codename": "change_collectionviewrestriction"}}, {"model": "auth.permission", "pk": 122, "fields": {"name": "Can delete collection view restriction", "content_type": 32, "codename": "delete_collectionviewrestriction"}}, {"model": "auth.permission", "pk": 123, "fields": {"name": "Can view collection view restriction", "content_type": 32, "codename": "view_collectionviewrestriction"}}, {"model": "auth.permission", "pk": 124, "fields": {"name": "Can add task", "content_type": 33, "codename": "add_task"}}, {"model": "auth.permission", "pk": 125, "fields": {"name": "Can change task", "content_type": 33, "codename": "change_task"}}, {"model": "auth.permission", "pk": 126, "fields": {"name": "Can delete task", "content_type": 33, "codename": "delete_task"}}, {"model": "auth.permission", "pk": 127, "fields": {"name": "Can view task", "content_type": 33, "codename": "view_task"}}, {"model": "auth.permission", "pk": 128, "fields": {"name": "Can add Task state", "content_type": 34, "codename": "add_taskstate"}}, {"model": "auth.permission", "pk": 129, "fields": {"name": "Can change Task state", "content_type": 34, "codename": "change_taskstate"}}, {"model": "auth.permission", "pk": 130, "fields": {"name": "Can delete Task state", "content_type": 34, "codename": "delete_taskstate"}}, {"model": "auth.permission", "pk": 131, "fields": {"name": "Can view Task state", "content_type": 34, "codename": "view_taskstate"}}, {"model": "auth.permission", "pk": 132, "fields": {"name": "Can add workflow", "content_type": 35, "codename": "add_workflow"}}, {"model": "auth.permission", "pk": 133, "fields": {"name": "Can change workflow", "content_type": 35, "codename": "change_workflow"}}, {"model": "auth.permission", "pk": 134, "fields": {"name": "Can delete workflow", "content_type": 35, "codename": "delete_workflow"}}, {"model": "auth.permission", "pk": 135, "fields": {"name": "Can view workflow", "content_type": 35, "codename": "view_workflow"}}, {"model": "auth.permission", "pk": 136, "fields": {"name": "Can add Group approval task", "content_type": 2, "codename": "add_groupapprovaltask"}}, {"model": "auth.permission", "pk": 137, "fields": {"name": "Can change Group approval task", "content_type": 2, "codename": "change_groupapprovaltask"}}, {"model": "auth.permission", "pk": 138, "fields": {"name": "Can delete Group approval task", "content_type": 2, "codename": "delete_groupapprovaltask"}}, {"model": "auth.permission", "pk": 139, "fields": {"name": "Can view Group approval task", "content_type": 2, "codename": "view_groupapprovaltask"}}, {"model": "auth.permission", "pk": 140, "fields": {"name": "Can add Workflow state", "content_type": 36, "codename": "add_workflowstate"}}, {"model": "auth.permission", "pk": 141, "fields": {"name": "Can change Workflow state", "content_type": 36, "codename": "change_workflowstate"}}, {"model": "auth.permission", "pk": 142, "fields": {"name": "Can delete Workflow state", "content_type": 36, "codename": "delete_workflowstate"}}, {"model": "auth.permission", "pk": 143, "fields": {"name": "Can view Workflow state", "content_type": 36, "codename": "view_workflowstate"}}, {"model": "auth.permission", "pk": 144, "fields": {"name": "Can add workflow page", "content_type": 37, "codename": "add_workflowpage"}}, {"model": "auth.permission", "pk": 145, "fields": {"name": "Can change workflow page", "content_type": 37, "codename": "change_workflowpage"}}, {"model": "auth.permission", "pk": 146, "fields": {"name": "Can delete workflow page", "content_type": 37, "codename": "delete_workflowpage"}}, {"model": "auth.permission", "pk": 147, "fields": {"name": "Can view workflow page", "content_type": 37, "codename": "view_workflowpage"}}, {"model": "auth.permission", "pk": 148, "fields": {"name": "Can add workflow task order", "content_type": 38, "codename": "add_workflowtask"}}, {"model": "auth.permission", "pk": 149, "fields": {"name": "Can change workflow task order", "content_type": 38, "codename": "change_workflowtask"}}, {"model": "auth.permission", "pk": 150, "fields": {"name": "Can delete workflow task order", "content_type": 38, "codename": "delete_workflowtask"}}, {"model": "auth.permission", "pk": 151, "fields": {"name": "Can view workflow task order", "content_type": 38, "codename": "view_workflowtask"}}, {"model": "auth.permission", "pk": 152, "fields": {"name": "Can add page log entry", "content_type": 39, "codename": "add_pagelogentry"}}, {"model": "auth.permission", "pk": 153, "fields": {"name": "Can change page log entry", "content_type": 39, "codename": "change_pagelogentry"}}, {"model": "auth.permission", "pk": 154, "fields": {"name": "Can delete page log entry", "content_type": 39, "codename": "delete_pagelogentry"}}, {"model": "auth.permission", "pk": 155, "fields": {"name": "Can view page log entry", "content_type": 39, "codename": "view_pagelogentry"}}, {"model": "auth.permission", "pk": 156, "fields": {"name": "Can add locale", "content_type": 40, "codename": "add_locale"}}, {"model": "auth.permission", "pk": 157, "fields": {"name": "Can change locale", "content_type": 40, "codename": "change_locale"}}, {"model": "auth.permission", "pk": 158, "fields": {"name": "Can delete locale", "content_type": 40, "codename": "delete_locale"}}, {"model": "auth.permission", "pk": 159, "fields": {"name": "Can view locale", "content_type": 40, "codename": "view_locale"}}, {"model": "auth.permission", "pk": 160, "fields": {"name": "Can add comment", "content_type": 41, "codename": "add_comment"}}, {"model": "auth.permission", "pk": 161, "fields": {"name": "Can change comment", "content_type": 41, "codename": "change_comment"}}, {"model": "auth.permission", "pk": 162, "fields": {"name": "Can delete comment", "content_type": 41, "codename": "delete_comment"}}, {"model": "auth.permission", "pk": 163, "fields": {"name": "Can view comment", "content_type": 41, "codename": "view_comment"}}, {"model": "auth.permission", "pk": 164, "fields": {"name": "Can add comment reply", "content_type": 42, "codename": "add_commentreply"}}, {"model": "auth.permission", "pk": 165, "fields": {"name": "Can change comment reply", "content_type": 42, "codename": "change_commentreply"}}, {"model": "auth.permission", "pk": 166, "fields": {"name": "Can delete comment reply", "content_type": 42, "codename": "delete_commentreply"}}, {"model": "auth.permission", "pk": 167, "fields": {"name": "Can view comment reply", "content_type": 42, "codename": "view_commentreply"}}, {"model": "auth.permission", "pk": 168, "fields": {"name": "Can add page subscription", "content_type": 43, "codename": "add_pagesubscription"}}, {"model": "auth.permission", "pk": 169, "fields": {"name": "Can change page subscription", "content_type": 43, "codename": "change_pagesubscription"}}, {"model": "auth.permission", "pk": 170, "fields": {"name": "Can delete page subscription", "content_type": 43, "codename": "delete_pagesubscription"}}, {"model": "auth.permission", "pk": 171, "fields": {"name": "Can view page subscription", "content_type": 43, "codename": "view_pagesubscription"}}, {"model": "auth.permission", "pk": 172, "fields": {"name": "Can add model log entry", "content_type": 44, "codename": "add_modellogentry"}}, {"model": "auth.permission", "pk": 173, "fields": {"name": "Can change model log entry", "content_type": 44, "codename": "change_modellogentry"}}, {"model": "auth.permission", "pk": 174, "fields": {"name": "Can delete model log entry", "content_type": 44, "codename": "delete_modellogentry"}}, {"model": "auth.permission", "pk": 175, "fields": {"name": "Can view model log entry", "content_type": 44, "codename": "view_modellogentry"}}, {"model": "auth.permission", "pk": 176, "fields": {"name": "Can add revision", "content_type": 45, "codename": "add_revision"}}, {"model": "auth.permission", "pk": 177, "fields": {"name": "Can change revision", "content_type": 45, "codename": "change_revision"}}, {"model": "auth.permission", "pk": 178, "fields": {"name": "Can delete revision", "content_type": 45, "codename": "delete_revision"}}, {"model": "auth.permission", "pk": 179, "fields": {"name": "Can view revision", "content_type": 45, "codename": "view_revision"}}, {"model": "auth.permission", "pk": 180, "fields": {"name": "Can add reference index", "content_type": 46, "codename": "add_referenceindex"}}, {"model": "auth.permission", "pk": 181, "fields": {"name": "Can change reference index", "content_type": 46, "codename": "change_referenceindex"}}, {"model": "auth.permission", "pk": 182, "fields": {"name": "Can delete reference index", "content_type": 46, "codename": "delete_referenceindex"}}, {"model": "auth.permission", "pk": 183, "fields": {"name": "Can view reference index", "content_type": 46, "codename": "view_referenceindex"}}, {"model": "auth.permission", "pk": 184, "fields": {"name": "Can add workflow content type", "content_type": 47, "codename": "add_workflowcontenttype"}}, {"model": "auth.permission", "pk": 185, "fields": {"name": "Can change workflow content type", "content_type": 47, "codename": "change_workflowcontenttype"}}, {"model": "auth.permission", "pk": 186, "fields": {"name": "Can delete workflow content type", "content_type": 47, "codename": "delete_workflowcontenttype"}}, {"model": "auth.permission", "pk": 187, "fields": {"name": "Can view workflow content type", "content_type": 47, "codename": "view_workflowcontenttype"}}, {"model": "auth.permission", "pk": 188, "fields": {"name": "Can add tag", "content_type": 48, "codename": "add_tag"}}, {"model": "auth.permission", "pk": 189, "fields": {"name": "Can change tag", "content_type": 48, "codename": "change_tag"}}, {"model": "auth.permission", "pk": 190, "fields": {"name": "Can delete tag", "content_type": 48, "codename": "delete_tag"}}, {"model": "auth.permission", "pk": 191, "fields": {"name": "Can view tag", "content_type": 48, "codename": "view_tag"}}, {"model": "auth.permission", "pk": 192, "fields": {"name": "Can add tagged item", "content_type": 49, "codename": "add_taggeditem"}}, {"model": "auth.permission", "pk": 193, "fields": {"name": "Can change tagged item", "content_type": 49, "codename": "change_taggeditem"}}, {"model": "auth.permission", "pk": 194, "fields": {"name": "Can delete tagged item", "content_type": 49, "codename": "delete_taggeditem"}}, {"model": "auth.permission", "pk": 195, "fields": {"name": "Can view tagged item", "content_type": 49, "codename": "view_taggeditem"}}, {"model": "auth.permission", "pk": 196, "fields": {"name": "Can add log entry", "content_type": 50, "codename": "add_logentry"}}, {"model": "auth.permission", "pk": 197, "fields": {"name": "Can change log entry", "content_type": 50, "codename": "change_logentry"}}, {"model": "auth.permission", "pk": 198, "fields": {"name": "Can delete log entry", "content_type": 50, "codename": "delete_logentry"}}, {"model": "auth.permission", "pk": 199, "fields": {"name": "Can view log entry", "content_type": 50, "codename": "view_logentry"}}, {"model": "auth.permission", "pk": 200, "fields": {"name": "Can add permission", "content_type": 51, "codename": "add_permission"}}, {"model": "auth.permission", "pk": 201, "fields": {"name": "Can change permission", "content_type": 51, "codename": "change_permission"}}, {"model": "auth.permission", "pk": 202, "fields": {"name": "Can delete permission", "content_type": 51, "codename": "delete_permission"}}, {"model": "auth.permission", "pk": 203, "fields": {"name": "Can view permission", "content_type": 51, "codename": "view_permission"}}, {"model": "auth.permission", "pk": 204, "fields": {"name": "Can add group", "content_type": 52, "codename": "add_group"}}, {"model": "auth.permission", "pk": 205, "fields": {"name": "Can change group", "content_type": 52, "codename": "change_group"}}, {"model": "auth.permission", "pk": 206, "fields": {"name": "Can delete group", "content_type": 52, "codename": "delete_group"}}, {"model": "auth.permission", "pk": 207, "fields": {"name": "Can view group", "content_type": 52, "codename": "view_group"}}, {"model": "auth.permission", "pk": 208, "fields": {"name": "Can add user", "content_type": 53, "codename": "add_user"}}, {"model": "auth.permission", "pk": 209, "fields": {"name": "Can change user", "content_type": 53, "codename": "change_user"}}, {"model": "auth.permission", "pk": 210, "fields": {"name": "Can delete user", "content_type": 53, "codename": "delete_user"}}, {"model": "auth.permission", "pk": 211, "fields": {"name": "Can view user", "content_type": 53, "codename": "view_user"}}, {"model": "auth.permission", "pk": 212, "fields": {"name": "Can add content type", "content_type": 54, "codename": "add_contenttype"}}, {"model": "auth.permission", "pk": 213, "fields": {"name": "Can change content type", "content_type": 54, "codename": "change_contenttype"}}, {"model": "auth.permission", "pk": 214, "fields": {"name": "Can delete content type", "content_type": 54, "codename": "delete_contenttype"}}, {"model": "auth.permission", "pk": 215, "fields": {"name": "Can view content type", "content_type": 54, "codename": "view_contenttype"}}, {"model": "auth.permission", "pk": 216, "fields": {"name": "Can add session", "content_type": 55, "codename": "add_session"}}, {"model": "auth.permission", "pk": 217, "fields": {"name": "Can change session", "content_type": 55, "codename": "change_session"}}, {"model": "auth.permission", "pk": 218, "fields": {"name": "Can delete session", "content_type": 55, "codename": "delete_session"}}, {"model": "auth.permission", "pk": 219, "fields": {"name": "Can view session", "content_type": 55, "codename": "view_session"}}, {"model": "auth.permission", "pk": 220, "fields": {"name": "Can add dash app", "content_type": 56, "codename": "add_dashapp"}}, {"model": "auth.permission", "pk": 221, "fields": {"name": "Can change dash app", "content_type": 56, "codename": "change_dashapp"}}, {"model": "auth.permission", "pk": 222, "fields": {"name": "Can delete dash app", "content_type": 56, "codename": "delete_dashapp"}}, {"model": "auth.permission", "pk": 223, "fields": {"name": "Can view dash app", "content_type": 56, "codename": "view_dashapp"}}, {"model": "auth.permission", "pk": 224, "fields": {"name": "Can add stateless app", "content_type": 57, "codename": "add_statelessapp"}}, {"model": "auth.permission", "pk": 225, "fields": {"name": "Can change stateless app", "content_type": 57, "codename": "change_statelessapp"}}, {"model": "auth.permission", "pk": 226, "fields": {"name": "Can delete stateless app", "content_type": 57, "codename": "delete_statelessapp"}}, {"model": "auth.permission", "pk": 227, "fields": {"name": "Can view stateless app", "content_type": 57, "codename": "view_statelessapp"}}, {"model": "auth.permission", "pk": 228, "fields": {"name": "Can add generic page content", "content_type": 58, "codename": "add_genericpagecontent"}}, {"model": "auth.permission", "pk": 229, "fields": {"name": "Can change generic page content", "content_type": 58, "codename": "change_genericpagecontent"}}, {"model": "auth.permission", "pk": 230, "fields": {"name": "Can delete generic page content", "content_type": 58, "codename": "delete_genericpagecontent"}}, {"model": "auth.permission", "pk": 231, "fields": {"name": "Can view generic page content", "content_type": 58, "codename": "view_genericpagecontent"}}, {"model": "auth.group", "pk": 1, "fields": {"name": "Moderators", "permissions": [1, 2, 3, 5, 4, 6, 7, 9, 8]}}, {"model": "auth.group", "pk": 2, "fields": {"name": "Editors", "permissions": [1, 2, 3, 5, 4, 6, 7, 9, 8]}}, {"model": "auth.user", "pk": 1, "fields": {"password": "pbkdf2_sha256$600000$3UgYEvHMrTXq38coEP5Kly$OpFfJ40I9B4pRgd9F3TnC8D7sCVtjxGRggG+fbIPsP8=", "last_login": "2023-07-31T05:46:04.358Z", "is_superuser": true, "username": "even", "first_name": "", "last_name": "", "email": "", "is_staff": true, "is_active": true, "date_joined": "2023-07-29T16:13:44.728Z", "groups": [], "user_permissions": []}}, {"model": "contenttypes.contenttype", "pk": 1, "fields": {"app_label": "wagtailcore", "model": "page"}}, {"model": "contenttypes.contenttype", "pk": 2, "fields": {"app_label": "wagtailcore", "model": "groupapprovaltask"}}, {"model": "contenttypes.contenttype", "pk": 3, "fields": {"app_label": "wagtailadmin", "model": "admin"}}, {"model": "contenttypes.contenttype", "pk": 4, "fields": {"app_label": "wagtaildocs", "model": "document"}}, {"model": "contenttypes.contenttype", "pk": 5, "fields": {"app_label": "wagtailimages", "model": "image"}}, {"model": "contenttypes.contenttype", "pk": 6, "fields": {"app_label": "home", "model": "commonpage"}}, {"model": "contenttypes.contenttype", "pk": 7, "fields": {"app_label": "home", "model": "menu"}}, {"model": "contenttypes.contenttype", "pk": 8, "fields": {"app_label": "home", "model": "menuitem"}}, {"model": "contenttypes.contenttype", "pk": 9, "fields": {"app_label": "FishData", "model": "camerainfo"}}, {"model": "contenttypes.contenttype", "pk": 10, "fields": {"app_label": "FishData", "model": "detectionmodelinfo"}}, {"model": "contenttypes.contenttype", "pk": 11, "fields": {"app_label": "FishData", "model": "fishanalysis"}}, {"model": "contenttypes.contenttype", "pk": 12, "fields": {"app_label": "FishData", "model": "targetfishspecies"}}, {"model": "contenttypes.contenttype", "pk": 13, "fields": {"app_label": "FishData", "model": "fishdetection"}}, {"model": "contenttypes.contenttype", "pk": 14, "fields": {"app_label": "FishData", "model": "fishcountdetail"}}, {"model": "contenttypes.contenttype", "pk": 15, "fields": {"app_label": "FishData", "model": "fishcount"}}, {"model": "contenttypes.contenttype", "pk": 16, "fields": {"app_label": "wagtailforms", "model": "formsubmission"}}, {"model": "contenttypes.contenttype", "pk": 17, "fields": {"app_label": "wagtailredirects", "model": "redirect"}}, {"model": "contenttypes.contenttype", "pk": 18, "fields": {"app_label": "wagtailembeds", "model": "embed"}}, {"model": "contenttypes.contenttype", "pk": 19, "fields": {"app_label": "wagtailusers", "model": "userprofile"}}, {"model": "contenttypes.contenttype", "pk": 20, "fields": {"app_label": "wagtaildocs", "model": "uploadeddocument"}}, {"model": "contenttypes.contenttype", "pk": 21, "fields": {"app_label": "wagtailimages", "model": "rendition"}}, {"model": "contenttypes.contenttype", "pk": 22, "fields": {"app_label": "wagtailimages", "model": "uploadedimage"}}, {"model": "contenttypes.contenttype", "pk": 23, "fields": {"app_label": "wagtailsearch", "model": "query"}}, {"model": "contenttypes.contenttype", "pk": 24, "fields": {"app_label": "wagtailsearch", "model": "querydailyhits"}}, {"model": "contenttypes.contenttype", "pk": 25, "fields": {"app_label": "wagtailsearch", "model": "indexentry"}}, {"model": "contenttypes.contenttype", "pk": 26, "fields": {"app_label": "wagtailsearch", "model": "sqliteftsindexentry"}}, {"model": "contenttypes.contenttype", "pk": 27, "fields": {"app_label": "wagtailcore", "model": "grouppagepermission"}}, {"model": "contenttypes.contenttype", "pk": 28, "fields": {"app_label": "wagtailcore", "model": "pageviewrestriction"}}, {"model": "contenttypes.contenttype", "pk": 29, "fields": {"app_label": "wagtailcore", "model": "site"}}, {"model": "contenttypes.contenttype", "pk": 30, "fields": {"app_label": "wagtailcore", "model": "collection"}}, {"model": "contenttypes.contenttype", "pk": 31, "fields": {"app_label": "wagtailcore", "model": "groupcollectionpermission"}}, {"model": "contenttypes.contenttype", "pk": 32, "fields": {"app_label": "wagtailcore", "model": "collectionviewrestriction"}}, {"model": "contenttypes.contenttype", "pk": 33, "fields": {"app_label": "wagtailcore", "model": "task"}}, {"model": "contenttypes.contenttype", "pk": 34, "fields": {"app_label": "wagtailcore", "model": "taskstate"}}, {"model": "contenttypes.contenttype", "pk": 35, "fields": {"app_label": "wagtailcore", "model": "workflow"}}, {"model": "contenttypes.contenttype", "pk": 36, "fields": {"app_label": "wagtailcore", "model": "workflowstate"}}, {"model": "contenttypes.contenttype", "pk": 37, "fields": {"app_label": "wagtailcore", "model": "workflowpage"}}, {"model": "contenttypes.contenttype", "pk": 38, "fields": {"app_label": "wagtailcore", "model": "workflowtask"}}, {"model": "contenttypes.contenttype", "pk": 39, "fields": {"app_label": "wagtailcore", "model": "pagelogentry"}}, {"model": "contenttypes.contenttype", "pk": 40, "fields": {"app_label": "wagtailcore", "model": "locale"}}, {"model": "contenttypes.contenttype", "pk": 41, "fields": {"app_label": "wagtailcore", "model": "comment"}}, {"model": "contenttypes.contenttype", "pk": 42, "fields": {"app_label": "wagtailcore", "model": "commentreply"}}, {"model": "contenttypes.contenttype", "pk": 43, "fields": {"app_label": "wagtailcore", "model": "pagesubscription"}}, {"model": "contenttypes.contenttype", "pk": 44, "fields": {"app_label": "wagtailcore", "model": "modellogentry"}}, {"model": "contenttypes.contenttype", "pk": 45, "fields": {"app_label": "wagtailcore", "model": "revision"}}, {"model": "contenttypes.contenttype", "pk": 46, "fields": {"app_label": "wagtailcore", "model": "referenceindex"}}, {"model": "contenttypes.contenttype", "pk": 47, "fields": {"app_label": "wagtailcore", "model": "workflowcontenttype"}}, {"model": "contenttypes.contenttype", "pk": 48, "fields": {"app_label": "taggit", "model": "tag"}}, {"model": "contenttypes.contenttype", "pk": 49, "fields": {"app_label": "taggit", "model": "taggeditem"}}, {"model": "contenttypes.contenttype", "pk": 50, "fields": {"app_label": "admin", "model": "logentry"}}, {"model": "contenttypes.contenttype", "pk": 51, "fields": {"app_label": "auth", "model": "permission"}}, {"model": "contenttypes.contenttype", "pk": 52, "fields": {"app_label": "auth", "model": "group"}}, {"model": "contenttypes.contenttype", "pk": 53, "fields": {"app_label": "auth", "model": "user"}}, {"model": "contenttypes.contenttype", "pk": 54, "fields": {"app_label": "contenttypes", "model": "contenttype"}}, {"model": "contenttypes.contenttype", "pk": 55, "fields": {"app_label": "sessions", "model": "session"}}, {"model": "contenttypes.contenttype", "pk": 56, "fields": {"app_label": "django_plotly_dash", "model": "dashapp"}}, {"model": "contenttypes.contenttype", "pk": 57, "fields": {"app_label": "django_plotly_dash", "model": "statelessapp"}}, {"model": "contenttypes.contenttype", "pk": 58, "fields": {"app_label": "home", "model": "genericpagecontent"}}, {"model": "sessions.session", "pk": "k8459hxhgzib17t8udg2qmos47d631ld", "fields": {"session_data": "eyJkamFuZ29fcGxvdGx5X2Rhc2giOnt9fQ:1qQNEt:ExRGzgtf9IcU5dPPXG0scvGSi_j8msmKw7ltUtN_fFM", "expire_date": "2023-08-14T07:22:47.730Z"}}, {"model": "sessions.session", "pk": "rzurd6m6ozg1962q6do716ytbplb9s93", "fields": {"session_data": ".eJxVjMsOwiAQRf-FtSGUDrTTpXu_gQwvixow0CYa479rky50e8-558UMrcts1haqSZ5NrGOH382Su4a8AX-hfC7clbzUZPmm8J02fio-3I67-xeYqc3ft0JJ0oGDgIONEjFKPYBwEJW2FkmA6nWPapTRgujEoEX00FOnNCHEcYu20Foq2YTHPdUnm8T7A16bPiw:1qQLjI:oAOBvczDxf8sblPlC60xwLZGNbRxS-vYqSYN2TWzZUw", "expire_date": "2023-08-14T05:46:04.360Z"}}, {"model": "sessions.session", "pk": "s0oifnhshyc00kqdwe7hrhm4rewdzpik", "fields": {"session_data": ".eJztW1tz2zYW_i-eYV629OB-6YwfJF8S13bSXLp1srPjAUlAViKJqkTbcXb2vy9AABRJ0Y69TZtkt5mMSYLAwTkHH84N4r92LtRVdXlxtdari2mx8-MO3Pmh3Zap_INeuBfFe7WYlLt5uahW02zXddkNb9e7Z2WhZ-PQt0PgUq0v7WgqkUI5yYmWPDNISoMYJyAnhrIskwoQihmWVCCTEQABZ8AUBCtImZLECEd0rdfrabm40B-X09Xtzo_gh50bNanUdJYuV_p6qm9SsvPjP3bycj7Xi-piUVZTM81VZQet98rFk3y9MvNpUcz0jVrpqrTc7q3Mm3cvAR-dLH5FJ5_gJ2DQOzM6f3kmrt6ekI-TCWDVJ5XPTtfPX1en8MO7409nf391i98fXj89KLLzJwv9sdp7Uk2rmd5LDnkyQsmIJ4csGR8ko4PkkCYjkIxBckiS8TgRY9dnbO_lk6wsbtO8vFpUe9Q_gNSqUVe62IvP5arQqz0QH6vbpd6bqNlMr25j27TYgxnnBQUqlYyqlFBgUmmMSBFhHJJMciKL2P1aza50mBZ3G7enj-09NmJzzU6_0fIjASCYsCLNiqJICZcszbTJU6zyDGMhYCF4f1h93YO9OeAdLMHAEuw3D7AEHUtaY0FQDlORc5MSzVBqAYnSQuSKQCpVLnR_mGeJdZvRHRyhwBHqNw9whBxHBBa4QIalEGvLEURWXRhZTUEBMNTEbpEtWp6j0NzXTU8nQReXWhXTxSS22YmNxEDnuUozpmlKFLFoYYamHLNcMqW41CJ29xPeg2vfsa-UnjKCEpZqpSYrtbyMrZYZCnCOOaUpBRmyzECeCmOA_UMUhxkVwODYPTDDxwk4SMDob_ZfglA2K_MPa3uT4NHfEtp6WXfgvYYw6oO-jUMQmpgpv3GPaH-ws-N-0_tqsa5uZ7q4Z0Chl9VlGAHupGotx4ZqQvevuFDcXZlhhbsSQ-oro1lev8eEuqsUqG6nOYftq4Ac1-M0yNzVKrIeR3Eu6vEKQ0-X1u0YgA7dSEcCoepniTr82P7xiiBn9TuqOalpgKwewwkDdTtkfm6OseehYDWtHNf9GSJ1P6G8LJwJMqQDKjBoy8IYMkEnfh7rUepnrer5GQfAv9eyTTfKQrnI_HtI2vxEPizdoj0fMTJ7jFxEk8yPy0ybDoeo1i2DoG6XVGKvB-jp5mFttGBDeuBGaC8_M3ENajqMkc64O_iMfNi1JUFPsqsXFvQneXucQMA_G0jbcnJusOeTRzmFxyAl4dnrPyOyPY4iJIf0HdfJzuexmuWyK6cSnn-ivd6zbAgHAtBaDkFwF1eMe33klHb2BtMeL9DPR7Qifh5Y05ERTzlBnn4YB43HOza6Pc82Lv26WzngIL4J8HpXHjfNPgp0ic7VIB6iXIh7fSKOOvjTnu-ov_54If260TwTAeeeHyA69CkReRt_0UY0eOrhr4Urv_4QsyE-I46lLnTgM6yP3x-i8HSpyKP-OvtyC8c9PrlEzI_HYT25x0WhYXtfE-31zaDxOMfa49AYj08AG5t3j8WfLmbThX7tHMMrGyjrtkOiB3eNsmHqtLodGtBzYtsUHuTYOJhbbX17ji0a9f5mj8adU28M-8ZMAl2Plxh1jHIEPc0oaPezNj4YMZW3wbNxqN1NZqflAcx-PlXU_Fm2YHuTRgcbnY4ENDheTdtg5sp40LO8pstzFjel508HIxLkj3qxeZAHNy5Ah4_oZEJgsNkMNBhXHJxfz7lFI45Ax1k1RqtnnCmSfhMCswF_LT_zejdMd-TnLBgfb8yEVay_QuSNgUAdPYR5H6onYnI_Pw5yBGdpnZTXV3TCnHaCBU6RaNOP-OCF9u1516gIUQR8ejkb5xiMUnR6MQCLziA68capwBCYBX1Ho26MdSrfmxEh5eUH_mAjUgf-ukhn03WVTis9_wOsCTMevTad9CgQWaNdtyq5DxHie2Ztuu_n0dCEik3IFkLQZhf2QkcbU7RReVdYHdHczN9DcTOOENHeLdGa2PlqtEjq5bFs4w4f1pd6lBvYlvu7dE30qpw83DX9Cajq27Y-qpgBIfHwgR1HeQj0fNIVURbRRbVPopj2gdXGR3QTHosiOYiugJK46hKHRCHwFedt-BXBtkc-go_ro5EaEX2g7MwXAuEmuWxsX9g90Qb20NjwZbwPiHppEiitWHuXxORTZj5Qb-j39PBdoloXavrbNxBwidw7UgtWn9WYEJ1rCTqg7jl-bnx0zjMUTBzxgU-e-Wy3CA4yt9n7f7c4W_3vVG6LYGnMWlf36qHVe6YXk0ZrFqWf6V4vwkZ_x29Gp8f77vkOVg8GZH405P4rNWyw9lkd_D6NPU7yrb2zqc_19NLo40wtozL6Mtt2cNe78H5-ValsOrN0Nst29sub0fj08MGb7_T4-cl9G09V6j4uQrer1WxD8rKqlmt7n6Aj-__m5mb3ZqUg2J2U17vVjW3Kl7tqvfyY4KNFgg8QkwAP4mxL012lxgd742ujuFd_xaH-iuPjdikYu-prRgwQPONpYb1TSjJRpDZVKlJIAFQIm5zlMnb_bCnYtUh3suFaJEusm7A3Y9uf1qNEIsaeGOmxSwK7JD4OlYuJY1gwm87TDKTQerGUSKlSoQRIuVZQICpIntPY_f-uXByzx1iS4bDwJRaAwFD_xvhz34-TULoSwkc02GfjTZa-VUIKERAk3UiCxFKtL5lFvjZZMxbBuYD2_JGfGCnRTPtIgeaqQx8yH6cDX3q2kPDVA6OCPH4-TqGnC0N1IEQiMZtu6GW-JChAFrLV4BztFhjUU6DLEevILSGJJT0xNH-MeKJ8TSQVqwAhkmuqFLG0hZRsR3SsAKSjxxARNvQF7ZQkJeA-YpWm7ifsNqmfm6w0zEdMp1Tel7OpFgjjI2bABnHT6FVQ2MbfnSX7gsC2fmPpUjC_Ljab5oP4pFS21y2W1rlRoZQbS_HQ82EF87jcKj36EjMIpflQYnZnqu313FQbPG4ZQKFaFEqIVPA2HyJnoaTvq0I2wu0GXaH02i-NcuVLlfGI4M4qT6gOWX740H7q66tfcqfEl1ZFrlWbP4s3Pw7gfAjHW_ossN9fqPB5MtMd_H2XkbySOay-tpH_7pRGEC-_ttJqC-hzUsYDclF8lnkdn30XmQt9ZOIyfnF68EenLV-uqmgEXH1tqKBYh7MD5KALvyvEUkU47eMdF9640p5pjvmztDGVDzmEd-2QiSFT_DtM5p-NUgT_l2GaT_HkvpL9nwpTkQeYRrjFyErIbkX7c5HnpjaHw6G2j4j6kW8_AqThnCzS-QumncavB9Pr7Np8Kyi1SYtHKUMeJU38H-LumDd-Lv9s8gjEaQft0BvJ-NOCeNrWoD6H4VwI_N6j-79Q-iVRipAQs68NU_qI6nhMWMPPAqgOx-D94_LvqBr-WID9VQ2Hf1XDv0Q1XFV6tbuolvmmHP5c31gQHB1o9yN-e4MZkbuX1XwQbY-oia9nV5NH_hh_rcsL_yN-e6tW-eVFodf5arp0Xw_sPQnfFKzTNy_sfrg4evHq7PUe2DQfPz9-czz04uz4-cXzX84GXozOWy-eTMqL2fRaX6hq70n9gUN9u_MDZBIwwQiFuwQKKqn45_ZnD5fl3P2kfz4vF0s10Sl-9GcQb198ODU_vXwGytuyFKcn8-K3w3cHP79_-vHj9Pr1-2fPP300b9_8fQ2rpeYfTq9nT89XR7_8dlPgW1DC8_Lhn0Fwd0Ygj9wrQZsTAf89AnjAym2N_8ZXTiC8i9zvksjAwsl6oQbWYzY-uZSvfjlG458n85c_vf5t-ur9JWXq6dHqtDo5uVXz89PX8F2Fnz5lFP10sDwt2fn82aLI1tX8TWm-1HpUel1dVDWtL78092pOEk7JLkDUanBAc4-H-P4t-3CyQleHz_i7CX76_OrXw_3JYrV4_WZ-cvzs5P3q_fsX1Zibo7O3P78zT2-rZbb89RCNlsvFevyyBA9XqXSPcuRuBEwkbqu0-aTjIV_6FHpetj7zwVTlmCKYIgZEanM3kFqLQFLoCreAMy2A7H4xMjUrNdd72-eSt-VVdZXpXatB26LnmQuzjvjLK3Gef7g5OX7bpbO8LKuy9xFLVS6n-eMU4V5ZZLjO9uYgGeP6zNC-RfVRoW2B9SucCMupHYN6ArXx4xxR9zzPRRJ1YxMZJK6QC_NYaGoHg-6vm53VrNrZR4n0UoyS0Si4CHd0aZkBidivXwHnLpyAh4mQURwR-8BWH3sj3Ft3w-_oI5zg45qNUX0_0Ke_qYbncsetXqv77j70Oaj7oFrPtPZ4I0fQ9nQEpeszqo9thUikP789TKSV9CgZ79ci1-e3Y786oJ7iHo0xpxO3ykOUN2rZT8aHAQDS82NxImu0kJai0COPmpmj5obbFljf1LjyIksUeLYELboGlNA_qa5DA1ozX_-1gty3KNtTWH6ow_ZmleslGNf8OHEOW3r2Wt0f2jLEAcnJLhxj7qYZLpxyhJ_0qOaHu4WQHglHUXYLYxwAOdoPqpMHrR3HHULGUWTX0gKApTM6QiRC4KizZfubeJujRmeNHI3ympWPC95s0iY03U4DO0kf8C13JFibs5ChvKP9dhPeOvthQ0n7vzuyidCbDo_5CG9jyP3HiBm2gQGgKZAic1_g4TTLBUs5MLoAkuIC8s4XeI815IbML4_Pl3z1GnTptA05_PMMOWoMOfyDDDl30HboJm6HiXonOeTCmnng-P--0LWJvJRR60KtfQDmQv1vO-S1gRtDuxJIJgX957__A56SxnU:1qPywM:TN6iFDdW_ESNlbBJR5TkrwrvXme6ueDX35OVTnDg-EU", "expire_date": "2023-08-13T05:26:02.910Z"}}, {"model": "django_plotly_dash.statelessapp", "pk": 1, "fields": {"app_name": "TableApp", "slug": "tableapp"}}, {"model": "django_plotly_dash.statelessapp", "pk": 2, "fields": {"app_name": "PlotApp", "slug": "plotapp"}}]